user_input,retrieved_contexts,response,reference,faithfulness,answer_relevancy,context_recall,llm_context_precision_with_reference,id,tipo
¿Qué sensor usa COODI para medir distancia y evadir obstáculos?,"['. ¿Qué sensor utiliza para distancia? El HC -SR04 se utiliza para medir distancia mediante ultrasonido en configuraciones del robot. ¿Qué es NeuroCOODI? Es un componente complementario para evaluación cognitiva escolar e investigación de funciones ejecutivas, con pruebas como Stroop, Trail Making, Wisconsin Card Sorting y N -back. 31. Glosario Término Definición Actuador Componente que produce una acción física o perceptible, como un motor, servo, LED o buzzer. Algoritmo Secuencia ordenada de instrucciones para resolver un problema o realizar una tarea. Blockly Biblioteca para construir interfaces de programación visual basadas en bloques. COODIBOT Componente conversacional del ecosistema COODI. Depuración Proceso de identificar y corregir errores en un programa o solución', '. COODIBOT Componente conversacional del ecosistema COODI. Depuración Proceso de identificar y corregir errores en un programa o solución. Funciones ejecutivas Procesos cognitivos de control como planificación, memoria de trabajo, inhibición y flexibilidad. HC-SR04 Sensor ultrasónico utilizado para medir distancia. IA Inteligencia Artificial; sistemas capaces de realizar tareas como clasificación, predicción o reconocimiento de patrones a partir de reglas o datos. KODARA Propuesta lúdica de Código, Descubrir y Razonar asociada al ecosistema. NDCC Modelo: Narrativa, Desafío, Construcción, Programación colaborativa, Prueba y Reflexión. NeuroCOODI Plataforma complementaria de evaluación cognitiva escolar', 'COODI | Documentación integral para corpus RAG Página 19 ¿COODI utiliza Inteligencia Artificial? El ecosistema incorpora contenidos y líneas de desarrollo vinculadas con IA. Cada función de IA debe documentarse según el módulo y su estado de implementación. ¿COODI reconoce emociones? Los materiales pueden enseñar cómo la IA usa pistas y patrones para estimar estados, pero no debe afirmarse que la máquina comprende emociones como una persona. Cualquier módulo afectivo debe describirse específicamente. ¿Qué sensor utiliza para distancia? El HC -SR04 se utiliza para medir distancia mediante ultrasonido en configuraciones del robot', 'COODI | Documentación integral para corpus RAG Página 8 • Modularidad para agregar sensores o interfaces. • Mantenimiento comprensible para docentes o facilitadores técnicos. 9. Electrónica, sensores y actuadores Componente Función Estado Uso educativo posible HC-SR04 Medición de distancia mediante ultrasonido. Implementado Obstáculos, navegación y condicionales. Motores DC amarillos (2) Desplazamiento del robot. Implementado Secuencias, trayectorias y control de movimiento. Servomotor SG90 Movimiento angular controlado. Implementado/prototipo Mecanismos, orientación o expresividad. Buzzer Salida sonora. Implementado Eventos, confirmación y retroalimentación. LED RGB / matriz RGB Salida visual mediante color o patrones', '. Etapa Propósito Ejemplo con COODI Narrativa Contextualizar la experiencia y generar motivación. COODI debe completar una misión en Marte o resolver una situación ambiental. Desafío Definir el problema o meta a alcanzar. Llegar a una zona del tablero evitando obstáculos. Construcción Preparar materiales, recorrido o componentes requeridos. Ubicar tarjetas, obstáculos, sensores o elementos del escenario. Programación colaborativa Diseñar en equipo la secuencia o algoritmo. Seleccionar movimientos, condiciones o bloques. Prueba Ejecutar el programa y observar el comportamiento. COODI realiza el recorrido. Reflexión Analizar errores, estrategias, aprendizaje y alternativas. Comparar el resultado con la planificación y depurar el algoritmo. 4', 'COODI | Documentación integral para corpus RAG Página 22 Anexo A. Plantilla de metadatos por documento Campo Ejemplo id COODI -07 titulo Sensores y actuadores de COODI categoria hardware subcategoria sensores audiencia docente; estudiante; desarrollador nivel_educativo educacion_basica edad_recomendada 7-12 version 1.0 estado_documento vigente estado_funcional implemented / prototype / planned fecha_actualizacion 2026 -08-25 keywords sensor; ultrasonido; RFID; motores; servo source_type documentacion_oficial Anexo B', 'COODI | Documentación integral para corpus RAG Página 13 18.2 Pruebas consideradas Prueba Variable o proceso de interés Stroop Control inhibitorio, precisión y tiempos de respuesta. Trail Making Secuenciación, atención, velocidad y errores. Wisconsin Card Sorting Flexibilidad cognitiva y cambio de regla. N-back Memoria de trabajo. Alcance. NeuroCOODI debe presentarse como herramienta educativa/investigativa y no como sistema de diagnóstico clínico. 19. COODIBOT COODIBOT es el componente conversacional del ecosistema. Su función puede incluir orientación, respuestas sobre actividades o apoyo a la interacción con recursos educativos. Las implementaciones han considerado un back -end Flask y servicios de modelos de l enguaje. 19', '. Regla conceptual para materiales infantiles. Evitar expresiones que atribuyan comprensión humana al sistema. Es preferible decir “la IA identifica pistas o patrones y estima qué podría estar ocurriendo” en lugar de “la IA sabe cómo se siente una persona”. 7.3 Datos, patrones y sensores COODI puede introducir la idea de que los sensores producen datos y que un algoritmo puede utilizar esos datos para reconocer condiciones o patrones. Esto permite diferenciar percepción, procesamiento y acción. 8. Arquitectura física del robot El diseño de COODI prioriza fabricación accesible, estructura reproducible mediante impresión 3D y componentes electrónicos de bajo costo. El detalle físico puede evolucionar entre versiones, por lo que el RAG debe asociar cada especificación a una versión y estado', '. Patrones e IA Observar pistas y discutir cómo un algoritmo puede identificar regularidades. Material narrativo, sensores o datos de ejemplo. Funciones ejecutivas Planificar, ejecutar, detectar error y cambiar estrategia. NDCC, tablero, robot, instrumentos de observación. Programación progresiva Resolver una misma misión primero con tarjetas, luego bloques y finalmente código. Tres entornos de programación. 27. Limitaciones y alcance • COODI es un ecosistema educativo y de investigación; no reemplaza instrumentos clínicos ni diagnósticos. • La configuración de hardware puede variar entre versiones; las respuestas técnicas deben indicar versión y estado', '. Plantilla de chunk RAG { ""chunk_id"": ""COODI -07-HCSR04-01"", ""document_id"": ""COODI -07"", ""title"": ""Sensores y actuadores de COODI"", ""section"": ""Sensor ultrasónico HC -SR04"", ""category"": ""hardware"", ""audience"": [""docente"", ""desarrollador"", ""estudiante""], ""status"": ""implemented"", ""version"": ""1.0"", ""keywords"": [""HC -SR04"", ""ultrasonido"", ""distancia"", ""obstáculos""], ""content"": ""El sensor HC -SR04 permite estimar la distancia..."" } Anexo C']","- Concepto Clave: El HC-SR04 es un sensor ultrasónico que mide distancia mediante ultrasonido.
- Pasos: 
  1. Conecta el HC-SR04 al robot COODI.
  2. Programa el algoritmo para leer la distancia.
  3. Establece condiciones para evadir obstáculos.
- OA Vinculado: COODI-07, ""Sensores y actuadores de COODI"".
- Verificación: Comprueba que el robot evite obstáculos al medir distancias correctamente con el HC-SR04.","El sensor HC-SR04 mide distancia mediante ultrasonido; está implementado y se usa para navegación, obstáculos y condicionales.",0.6666666666666666,0.4949228761395698,1.0,0.899999999982,T01,Soporte Tecnico
¿Cómo funciona el sensor HC-SR04 en COODI?,"['. ¿Qué sensor utiliza para distancia? El HC -SR04 se utiliza para medir distancia mediante ultrasonido en configuraciones del robot. ¿Qué es NeuroCOODI? Es un componente complementario para evaluación cognitiva escolar e investigación de funciones ejecutivas, con pruebas como Stroop, Trail Making, Wisconsin Card Sorting y N -back. 31. Glosario Término Definición Actuador Componente que produce una acción física o perceptible, como un motor, servo, LED o buzzer. Algoritmo Secuencia ordenada de instrucciones para resolver un problema o realizar una tarea. Blockly Biblioteca para construir interfaces de programación visual basadas en bloques. COODIBOT Componente conversacional del ecosistema COODI. Depuración Proceso de identificar y corregir errores en un programa o solución', 'COODI | Documentación integral para corpus RAG Página 8 • Modularidad para agregar sensores o interfaces. • Mantenimiento comprensible para docentes o facilitadores técnicos. 9. Electrónica, sensores y actuadores Componente Función Estado Uso educativo posible HC-SR04 Medición de distancia mediante ultrasonido. Implementado Obstáculos, navegación y condicionales. Motores DC amarillos (2) Desplazamiento del robot. Implementado Secuencias, trayectorias y control de movimiento. Servomotor SG90 Movimiento angular controlado. Implementado/prototipo Mecanismos, orientación o expresividad. Buzzer Salida sonora. Implementado Eventos, confirmación y retroalimentación. LED RGB / matriz RGB Salida visual mediante color o patrones', '. Plantilla de chunk RAG { ""chunk_id"": ""COODI -07-HCSR04-01"", ""document_id"": ""COODI -07"", ""title"": ""Sensores y actuadores de COODI"", ""section"": ""Sensor ultrasónico HC -SR04"", ""category"": ""hardware"", ""audience"": [""docente"", ""desarrollador"", ""estudiante""], ""status"": ""implemented"", ""version"": ""1.0"", ""keywords"": [""HC -SR04"", ""ultrasonido"", ""distancia"", ""obstáculos""], ""content"": ""El sensor HC -SR04 permite estimar la distancia..."" } Anexo C', 'COODI | Documentación integral para corpus RAG Página 19 ¿COODI utiliza Inteligencia Artificial? El ecosistema incorpora contenidos y líneas de desarrollo vinculadas con IA. Cada función de IA debe documentarse según el módulo y su estado de implementación. ¿COODI reconoce emociones? Los materiales pueden enseñar cómo la IA usa pistas y patrones para estimar estados, pero no debe afirmarse que la máquina comprende emociones como una persona. Cualquier módulo afectivo debe describirse específicamente. ¿Qué sensor utiliza para distancia? El HC -SR04 se utiliza para medir distancia mediante ultrasonido en configuraciones del robot', 'COODI | Documentación integral para corpus RAG Página 20 32. Ficha maestra de especificaciones Área Especificación consolidada Estado Identidad COODI = COnecta, Observa, Descompone, Innova. Vigente Público Educación básica; foco aproximado 7 –12 años; adaptable 3.º –8.º básico. Vigente Metodología NDCC: Narrativa → Desafío → Construcción → Programación colaborativa → Prueba → Reflexión. Vigente Programación Tangible, visual y textual. Vigente Control inicial Arduino UNO. Implementado Control ampliado ESP32 -WROOM -32 / Raspberry Pi Zero 2W según módulo. Prototipo/planificado Distancia HC-SR04. Implementado Movimiento 2 motores DC y servomotor SG90 según configuración. Implementado/prototipo Salida Buzzer y LED RGB/matriz RGB según versión. Implementado Ambiente DHT22', '. COODIBOT Componente conversacional del ecosistema COODI. Depuración Proceso de identificar y corregir errores en un programa o solución. Funciones ejecutivas Procesos cognitivos de control como planificación, memoria de trabajo, inhibición y flexibilidad. HC-SR04 Sensor ultrasónico utilizado para medir distancia. IA Inteligencia Artificial; sistemas capaces de realizar tareas como clasificación, predicción o reconocimiento de patrones a partir de reglas o datos. KODARA Propuesta lúdica de Código, Descubrir y Razonar asociada al ecosistema. NDCC Modelo: Narrativa, Desafío, Construcción, Programación colaborativa, Prueba y Reflexión. NeuroCOODI Plataforma complementaria de evaluación cognitiva escolar', '. Buzzer Salida sonora. Implementado Eventos, confirmación y retroalimentación. LED RGB / matriz RGB Salida visual mediante color o patrones. Implementado según versión Estados, retroalimentación y codificación visual. DHT22 Temperatura y humedad. Implementado/prototipo según actividad STEM ambiental y adquisición de datos. Sensor infrarrojo / control IR Recepción de comandos o validación. Implementado en actividades Interacción y validación de desafíos. RFID Identificación de tarjetas u objetos. Planificado Programación tangible y reconocimiento de elementos. IMU Movimiento y orientación. Planificado Estimación de movimiento y actividades de física. OLED Visualización local. Limitado en Arduino UNO / sujeto a arquitectura Mensajes o estados del sistema. 9', '. OLED Visualización local. Limitado en Arduino UNO / sujeto a arquitectura Mensajes o estados del sistema. 9.1 Uso de sensores Los sensores deben introducirse pedagógicamente mediante la secuencia “variable física → dato → regla o algoritmo → acción”. Por ejemplo, el HC -SR04 mide una distancia; el programa compara ese valor con un umbral; si el objeto está cerca, COODI puede deten erse o modificar su recorrido. 9.2 Uso de actuadores Motores, servos, LEDs y buzzer son actuadores porque producen una respuesta física o perceptible. Su uso permite que los estudiantes observen inmediatamente el efecto de un algoritmo. 10. Arquitectura computacional y comunicaciones 10', '. 25.3 Mantenimiento • Revisar conectores y tornillos periódicamente. • Limpiar sensores sin productos abrasivos. • Mantener firmware y aplicación asociados a una versión documentada. • Registrar sustituciones de componentes que alteren el comportamiento. 26. Casos de uso Caso Descripción Componentes Navegación en tablero Programar una ruta desde Inicio hasta Fin evitando obstáculos. Robot, tablero 6×6, tarjetas o bloques. Detección de obstáculos Usar distancia para detener o modificar el recorrido. HC-SR04, motores, condicionales. Misión ambiental Medir temperatura/humedad y relacionar datos con una narrativa ambiental. DHT22, robot, cuadernillo. Patrones e IA Observar pistas y discutir cómo un algoritmo puede identificar regularidades. Material narrativo, sensores o datos de ejemplo', 'COODI | Documentación integral para corpus RAG Página 22 Anexo A. Plantilla de metadatos por documento Campo Ejemplo id COODI -07 titulo Sensores y actuadores de COODI categoria hardware subcategoria sensores audiencia docente; estudiante; desarrollador nivel_educativo educacion_basica edad_recomendada 7-12 version 1.0 estado_documento vigente estado_funcional implemented / prototype / planned fecha_actualizacion 2026 -08-25 keywords sensor; ultrasonido; RFID; motores; servo source_type documentacion_oficial Anexo B']","- Concepto Clave: El HC-SR04 es un sensor ultrasónico que mide distancias mediante ondas de ultrasonido.
- Pasos: 1. Conecta el HC-SR04 al robot. 2. Programa el algoritmo para enviar un pulso ultrasónico. 3. Espera la respuesta del eco. 4. Calcula la distancia usando el tiempo de respuesta.
- OA Vinculado: COODI -07, ""Sensores y actuadores de COODI"".
- Verificación: Comprueba que el robot detenga su movimiento al detectar un obstáculo a una distancia específica.",El HC-SR04 mide distancia mediante ultrasonido: emite un pulso y calcula la distancia según el tiempo que tarda en volver. El programa puede comparar ese valor con un umbral para detener o modificar el recorrido.,0.42857142857142855,0.6655980440654271,1.0,0.9704861110989801,T02,Soporte Tecnico
"Quiero programar a COODI para que se detenga cuando un objeto esté cerca, ¿qué sensor y lógica debo usar?","['. COODIBOT Componente conversacional del ecosistema COODI. Depuración Proceso de identificar y corregir errores en un programa o solución. Funciones ejecutivas Procesos cognitivos de control como planificación, memoria de trabajo, inhibición y flexibilidad. HC-SR04 Sensor ultrasónico utilizado para medir distancia. IA Inteligencia Artificial; sistemas capaces de realizar tareas como clasificación, predicción o reconocimiento de patrones a partir de reglas o datos. KODARA Propuesta lúdica de Código, Descubrir y Razonar asociada al ecosistema. NDCC Modelo: Narrativa, Desafío, Construcción, Programación colaborativa, Prueba y Reflexión. NeuroCOODI Plataforma complementaria de evaluación cognitiva escolar', '. 25.3 Mantenimiento • Revisar conectores y tornillos periódicamente. • Limpiar sensores sin productos abrasivos. • Mantener firmware y aplicación asociados a una versión documentada. • Registrar sustituciones de componentes que alteren el comportamiento. 26. Casos de uso Caso Descripción Componentes Navegación en tablero Programar una ruta desde Inicio hasta Fin evitando obstáculos. Robot, tablero 6×6, tarjetas o bloques. Detección de obstáculos Usar distancia para detener o modificar el recorrido. HC-SR04, motores, condicionales. Misión ambiental Medir temperatura/humedad y relacionar datos con una narrativa ambiental. DHT22, robot, cuadernillo. Patrones e IA Observar pistas y discutir cómo un algoritmo puede identificar regularidades. Material narrativo, sensores o datos de ejemplo', '. Patrones e IA Observar pistas y discutir cómo un algoritmo puede identificar regularidades. Material narrativo, sensores o datos de ejemplo. Funciones ejecutivas Planificar, ejecutar, detectar error y cambiar estrategia. NDCC, tablero, robot, instrumentos de observación. Programación progresiva Resolver una misma misión primero con tarjetas, luego bloques y finalmente código. Tres entornos de programación. 27. Limitaciones y alcance • COODI es un ecosistema educativo y de investigación; no reemplaza instrumentos clínicos ni diagnósticos. • La configuración de hardware puede variar entre versiones; las respuestas técnicas deben indicar versión y estado', '. ¿Qué sensor utiliza para distancia? El HC -SR04 se utiliza para medir distancia mediante ultrasonido en configuraciones del robot. ¿Qué es NeuroCOODI? Es un componente complementario para evaluación cognitiva escolar e investigación de funciones ejecutivas, con pruebas como Stroop, Trail Making, Wisconsin Card Sorting y N -back. 31. Glosario Término Definición Actuador Componente que produce una acción física o perceptible, como un motor, servo, LED o buzzer. Algoritmo Secuencia ordenada de instrucciones para resolver un problema o realizar una tarea. Blockly Biblioteca para construir interfaces de programación visual basadas en bloques. COODIBOT Componente conversacional del ecosistema COODI. Depuración Proceso de identificar y corregir errores en un programa o solución', '. Regla conceptual para materiales infantiles. Evitar expresiones que atribuyan comprensión humana al sistema. Es preferible decir “la IA identifica pistas o patrones y estima qué podría estar ocurriendo” en lugar de “la IA sabe cómo se siente una persona”. 7.3 Datos, patrones y sensores COODI puede introducir la idea de que los sensores producen datos y que un algoritmo puede utilizar esos datos para reconocer condiciones o patrones. Esto permite diferenciar percepción, procesamiento y acción. 8. Arquitectura física del robot El diseño de COODI prioriza fabricación accesible, estructura reproducible mediante impresión 3D y componentes electrónicos de bajo costo. El detalle físico puede evolucionar entre versiones, por lo que el RAG debe asociar cada especificación a una versión y estado', '. Dimensión Componentes principales Función Física Robot COODI, tablero, tarjetas, sensores, actuadores, material manipulativo. Permitir interacción tangible, movimiento, percepción y experimentación. Computacional Firmware, programación por bloques, programación textual, comunicación, servicios complementarios. Ejecutar algoritmos, controlar el robot y apoyar experiencias digitales. Pedagógica Modelo NDCC, cuadernillos, narrativas, desafíos, funciones ejecutivas y evaluación. Dar sentido educativo a la interacción tecnológica. 2.1 Componentes del ecosistema • Robot educativo COODI. • Programación tangible mediante tarjetas o comandos físicos. • Entorno de programación visual basado en bloques. • Programación textual para niveles de mayor complejidad. • Tablero de actividades y navegación', 'COODI | Documentación integral para corpus RAG Página 8 • Modularidad para agregar sensores o interfaces. • Mantenimiento comprensible para docentes o facilitadores técnicos. 9. Electrónica, sensores y actuadores Componente Función Estado Uso educativo posible HC-SR04 Medición de distancia mediante ultrasonido. Implementado Obstáculos, navegación y condicionales. Motores DC amarillos (2) Desplazamiento del robot. Implementado Secuencias, trayectorias y control de movimiento. Servomotor SG90 Movimiento angular controlado. Implementado/prototipo Mecanismos, orientación o expresividad. Buzzer Salida sonora. Implementado Eventos, confirmación y retroalimentación. LED RGB / matriz RGB Salida visual mediante color o patrones', '. Profundizar en variables, funciones, estructuras y control del hardware. digitalWrite, lectura de sensores, funciones de movimiento. 12. Programación tangible y tablero La programación tangible permite que los estudiantes construyan físicamente una secuencia de instrucciones antes de enviarla o representarla en el robot. Esta modalidad reduce la barrera inicial de la sintaxis y favorece planificación, anticipación y discu sión colaborativa. 12.1 Tablero de navegación • Tablero de 6 × 6 posiciones para actividades de navegación y resolución de misiones. • Tarjetas de Inicio y Fin para delimitar la secuencia. • Tarjetas o comandos para avanzar y girar. • Elementos magnéticos o manipulativos según la actividad. • Validación mediante control infrarrojo en experiencias implementadas', '. NeuroCOODI Plataforma complementaria de evaluación cognitiva escolar. Pensamiento computacional Conjunto de estrategias para formular y resolver problemas mediante descomposición, patrones, abstracción, algoritmos y depuración. RAG Retrieval -Augmented Generation; arquitectura que recupera información de una base documental antes de generar una respuesta. RFID Tecnología de identificación por radiofrecuencia considerada para reconocer tarjetas u objetos. Sensor Componente que obtiene información del entorno y la transforma en una señal o dato. STEM Integración de ciencia, tecnología, ingeniería y matemática.', '. OLED Visualización local. Limitado en Arduino UNO / sujeto a arquitectura Mensajes o estados del sistema. 9.1 Uso de sensores Los sensores deben introducirse pedagógicamente mediante la secuencia “variable física → dato → regla o algoritmo → acción”. Por ejemplo, el HC -SR04 mide una distancia; el programa compara ese valor con un umbral; si el objeto está cerca, COODI puede deten erse o modificar su recorrido. 9.2 Uso de actuadores Motores, servos, LEDs y buzzer son actuadores porque producen una respuesta física o perceptible. Su uso permite que los estudiantes observen inmediatamente el efecto de un algoritmo. 10. Arquitectura computacional y comunicaciones 10']","- Concepto Clave: Utiliza el sensor HC-SR04 para medir la distancia y detener a COODI cuando un objeto esté cerca.
- Pasos: 
  1. Conecta el sensor HC-SR04 al robot COODI.
  2. Programa el robot para leer la distancia del sensor.
  3. Establece un umbral de distancia (por ejemplo, 10 cm).
  4. Si la distancia es menor que el umbral, detén el movimiento del robot.
- OA Vinculado: OA 26. Detección de obstáculos: Usar distancia para detener o modificar el recorrido.
- Verificación: Observa si COODI se detiene al acercar un objeto dentro del umbral establecido.","Usar el sensor HC-SR04 y una condición: si la distancia medida es menor a un umbral definido, detener o modificar el movimiento de los motores.",0.6666666666666666,0.6980892285839078,1.0,0.7642857142704286,T03,Soporte Tecnico
¿Qué tipo de dato entrega el sensor HC-SR04?,"['. Plantilla de chunk RAG { ""chunk_id"": ""COODI -07-HCSR04-01"", ""document_id"": ""COODI -07"", ""title"": ""Sensores y actuadores de COODI"", ""section"": ""Sensor ultrasónico HC -SR04"", ""category"": ""hardware"", ""audience"": [""docente"", ""desarrollador"", ""estudiante""], ""status"": ""implemented"", ""version"": ""1.0"", ""keywords"": [""HC -SR04"", ""ultrasonido"", ""distancia"", ""obstáculos""], ""content"": ""El sensor HC -SR04 permite estimar la distancia..."" } Anexo C', '. ¿Qué sensor utiliza para distancia? El HC -SR04 se utiliza para medir distancia mediante ultrasonido en configuraciones del robot. ¿Qué es NeuroCOODI? Es un componente complementario para evaluación cognitiva escolar e investigación de funciones ejecutivas, con pruebas como Stroop, Trail Making, Wisconsin Card Sorting y N -back. 31. Glosario Término Definición Actuador Componente que produce una acción física o perceptible, como un motor, servo, LED o buzzer. Algoritmo Secuencia ordenada de instrucciones para resolver un problema o realizar una tarea. Blockly Biblioteca para construir interfaces de programación visual basadas en bloques. COODIBOT Componente conversacional del ecosistema COODI. Depuración Proceso de identificar y corregir errores en un programa o solución', '. Buzzer Salida sonora. Implementado Eventos, confirmación y retroalimentación. LED RGB / matriz RGB Salida visual mediante color o patrones. Implementado según versión Estados, retroalimentación y codificación visual. DHT22 Temperatura y humedad. Implementado/prototipo según actividad STEM ambiental y adquisición de datos. Sensor infrarrojo / control IR Recepción de comandos o validación. Implementado en actividades Interacción y validación de desafíos. RFID Identificación de tarjetas u objetos. Planificado Programación tangible y reconocimiento de elementos. IMU Movimiento y orientación. Planificado Estimación de movimiento y actividades de física. OLED Visualización local. Limitado en Arduino UNO / sujeto a arquitectura Mensajes o estados del sistema. 9', 'COODI | Documentación integral para corpus RAG Página 8 • Modularidad para agregar sensores o interfaces. • Mantenimiento comprensible para docentes o facilitadores técnicos. 9. Electrónica, sensores y actuadores Componente Función Estado Uso educativo posible HC-SR04 Medición de distancia mediante ultrasonido. Implementado Obstáculos, navegación y condicionales. Motores DC amarillos (2) Desplazamiento del robot. Implementado Secuencias, trayectorias y control de movimiento. Servomotor SG90 Movimiento angular controlado. Implementado/prototipo Mecanismos, orientación o expresividad. Buzzer Salida sonora. Implementado Eventos, confirmación y retroalimentación. LED RGB / matriz RGB Salida visual mediante color o patrones', '. OLED Visualización local. Limitado en Arduino UNO / sujeto a arquitectura Mensajes o estados del sistema. 9.1 Uso de sensores Los sensores deben introducirse pedagógicamente mediante la secuencia “variable física → dato → regla o algoritmo → acción”. Por ejemplo, el HC -SR04 mide una distancia; el programa compara ese valor con un umbral; si el objeto está cerca, COODI puede deten erse o modificar su recorrido. 9.2 Uso de actuadores Motores, servos, LEDs y buzzer son actuadores porque producen una respuesta física o perceptible. Su uso permite que los estudiantes observen inmediatamente el efecto de un algoritmo. 10. Arquitectura computacional y comunicaciones 10', '. 25.3 Mantenimiento • Revisar conectores y tornillos periódicamente. • Limpiar sensores sin productos abrasivos. • Mantener firmware y aplicación asociados a una versión documentada. • Registrar sustituciones de componentes que alteren el comportamiento. 26. Casos de uso Caso Descripción Componentes Navegación en tablero Programar una ruta desde Inicio hasta Fin evitando obstáculos. Robot, tablero 6×6, tarjetas o bloques. Detección de obstáculos Usar distancia para detener o modificar el recorrido. HC-SR04, motores, condicionales. Misión ambiental Medir temperatura/humedad y relacionar datos con una narrativa ambiental. DHT22, robot, cuadernillo. Patrones e IA Observar pistas y discutir cómo un algoritmo puede identificar regularidades. Material narrativo, sensores o datos de ejemplo', 'COODI | Documentación integral para corpus RAG Página 19 ¿COODI utiliza Inteligencia Artificial? El ecosistema incorpora contenidos y líneas de desarrollo vinculadas con IA. Cada función de IA debe documentarse según el módulo y su estado de implementación. ¿COODI reconoce emociones? Los materiales pueden enseñar cómo la IA usa pistas y patrones para estimar estados, pero no debe afirmarse que la máquina comprende emociones como una persona. Cualquier módulo afectivo debe describirse específicamente. ¿Qué sensor utiliza para distancia? El HC -SR04 se utiliza para medir distancia mediante ultrasonido en configuraciones del robot', 'COODI | Documentación integral para corpus RAG Página 20 32. Ficha maestra de especificaciones Área Especificación consolidada Estado Identidad COODI = COnecta, Observa, Descompone, Innova. Vigente Público Educación básica; foco aproximado 7 –12 años; adaptable 3.º –8.º básico. Vigente Metodología NDCC: Narrativa → Desafío → Construcción → Programación colaborativa → Prueba → Reflexión. Vigente Programación Tangible, visual y textual. Vigente Control inicial Arduino UNO. Implementado Control ampliado ESP32 -WROOM -32 / Raspberry Pi Zero 2W según módulo. Prototipo/planificado Distancia HC-SR04. Implementado Movimiento 2 motores DC y servomotor SG90 según configuración. Implementado/prototipo Salida Buzzer y LED RGB/matriz RGB según versión. Implementado Ambiente DHT22', '. COODIBOT Componente conversacional del ecosistema COODI. Depuración Proceso de identificar y corregir errores en un programa o solución. Funciones ejecutivas Procesos cognitivos de control como planificación, memoria de trabajo, inhibición y flexibilidad. HC-SR04 Sensor ultrasónico utilizado para medir distancia. IA Inteligencia Artificial; sistemas capaces de realizar tareas como clasificación, predicción o reconocimiento de patrones a partir de reglas o datos. KODARA Propuesta lúdica de Código, Descubrir y Razonar asociada al ecosistema. NDCC Modelo: Narrativa, Desafío, Construcción, Programación colaborativa, Prueba y Reflexión. NeuroCOODI Plataforma complementaria de evaluación cognitiva escolar', '. Implementado/prototipo Salida Buzzer y LED RGB/matriz RGB según versión. Implementado Ambiente DHT22. Implementado/prototipo IR Control/recepción infrarroja para validación de actividades. Implementado RFID Identificación automática de tarjetas/objetos. Planificado IMU Orientación y movimiento. Planificado Tablero 6 × 6 con Inicio/Fin y comandos de navegación. Implementado en actividades Software visual Angular + Blockly. Prototipo/implementado según versión Texto Arduino/C++. Vigente Evaluación NeuroCOODI: Angular + Node/Express + MySQL; Stroop, Trail Making, Wisconsin, N -back. Prototipo Chatbot COODIBOT con back -end Flask y arquitectura compatible con RAG. Prototipo Conectividad Núcleo educativo offline; servicios complementarios pueden usar red. Principio vigente 33']","- Concepto Clave: El sensor HC-SR04 entrega datos de distancia mediante ultrasonido.
- Pasos: 
  1. Conecta el sensor HC-SR04 al microcontrolador.
  2. Programa el microcontrolador para activar el sensor.
  3. Lee el valor de distancia devuelto por el sensor.
- OA Vinculado: OA 9.1 - Uso de sensores: Introducir la secuencia “variable física → dato → regla o algoritmo → acción”.
- Verificación: Comprueba que el valor de distancia se muestra correctamente en el monitor serial del microcontrolador.","Entrega una medición de distancia (numérica), obtenida mediante ultrasonido.",0.5714285714285714,0.6401031131651865,1.0,0.8597505668811418,T04,Soporte Tecnico
"En el caso de uso ""Detección de obstáculos"", ¿qué componentes se usan?","['. 25.3 Mantenimiento • Revisar conectores y tornillos periódicamente. • Limpiar sensores sin productos abrasivos. • Mantener firmware y aplicación asociados a una versión documentada. • Registrar sustituciones de componentes que alteren el comportamiento. 26. Casos de uso Caso Descripción Componentes Navegación en tablero Programar una ruta desde Inicio hasta Fin evitando obstáculos. Robot, tablero 6×6, tarjetas o bloques. Detección de obstáculos Usar distancia para detener o modificar el recorrido. HC-SR04, motores, condicionales. Misión ambiental Medir temperatura/humedad y relacionar datos con una narrativa ambiental. DHT22, robot, cuadernillo. Patrones e IA Observar pistas y discutir cómo un algoritmo puede identificar regularidades. Material narrativo, sensores o datos de ejemplo', '. Patrones e IA Observar pistas y discutir cómo un algoritmo puede identificar regularidades. Material narrativo, sensores o datos de ejemplo. Funciones ejecutivas Planificar, ejecutar, detectar error y cambiar estrategia. NDCC, tablero, robot, instrumentos de observación. Programación progresiva Resolver una misma misión primero con tarjetas, luego bloques y finalmente código. Tres entornos de programación. 27. Limitaciones y alcance • COODI es un ecosistema educativo y de investigación; no reemplaza instrumentos clínicos ni diagnósticos. • La configuración de hardware puede variar entre versiones; las respuestas técnicas deben indicar versión y estado', '. ¿Qué sensor utiliza para distancia? El HC -SR04 se utiliza para medir distancia mediante ultrasonido en configuraciones del robot. ¿Qué es NeuroCOODI? Es un componente complementario para evaluación cognitiva escolar e investigación de funciones ejecutivas, con pruebas como Stroop, Trail Making, Wisconsin Card Sorting y N -back. 31. Glosario Término Definición Actuador Componente que produce una acción física o perceptible, como un motor, servo, LED o buzzer. Algoritmo Secuencia ordenada de instrucciones para resolver un problema o realizar una tarea. Blockly Biblioteca para construir interfaces de programación visual basadas en bloques. COODIBOT Componente conversacional del ecosistema COODI. Depuración Proceso de identificar y corregir errores en un programa o solución', '. Su uso permite que los estudiantes observen inmediatamente el efecto de un algoritmo. 10. Arquitectura computacional y comunicaciones 10.1 Arquitectura por niveles Nivel Responsabilidad Control embebido Lectura de sensores, control de motores, servos, LEDs y buzzer. Programación del usuario Representación del algoritmo mediante tarjetas, bloques o código. Comunicación Transferencia de comandos o sincronización entre módulos cuando corresponde. Aplicaciones complementarias Interfaces educativas, evaluación, chatbot y almacenamiento de resultados.', '. OLED Visualización local. Limitado en Arduino UNO / sujeto a arquitectura Mensajes o estados del sistema. 9.1 Uso de sensores Los sensores deben introducirse pedagógicamente mediante la secuencia “variable física → dato → regla o algoritmo → acción”. Por ejemplo, el HC -SR04 mide una distancia; el programa compara ese valor con un umbral; si el objeto está cerca, COODI puede deten erse o modificar su recorrido. 9.2 Uso de actuadores Motores, servos, LEDs y buzzer son actuadores porque producen una respuesta física o perceptible. Su uso permite que los estudiantes observen inmediatamente el efecto de un algoritmo. 10. Arquitectura computacional y comunicaciones 10', '. Regla conceptual para materiales infantiles. Evitar expresiones que atribuyan comprensión humana al sistema. Es preferible decir “la IA identifica pistas o patrones y estima qué podría estar ocurriendo” en lugar de “la IA sabe cómo se siente una persona”. 7.3 Datos, patrones y sensores COODI puede introducir la idea de que los sensores producen datos y que un algoritmo puede utilizar esos datos para reconocer condiciones o patrones. Esto permite diferenciar percepción, procesamiento y acción. 8. Arquitectura física del robot El diseño de COODI prioriza fabricación accesible, estructura reproducible mediante impresión 3D y componentes electrónicos de bajo costo. El detalle físico puede evolucionar entre versiones, por lo que el RAG debe asociar cada especificación a una versión y estado', '. Buzzer Salida sonora. Implementado Eventos, confirmación y retroalimentación. LED RGB / matriz RGB Salida visual mediante color o patrones. Implementado según versión Estados, retroalimentación y codificación visual. DHT22 Temperatura y humedad. Implementado/prototipo según actividad STEM ambiental y adquisición de datos. Sensor infrarrojo / control IR Recepción de comandos o validación. Implementado en actividades Interacción y validación de desafíos. RFID Identificación de tarjetas u objetos. Planificado Programación tangible y reconocimiento de elementos. IMU Movimiento y orientación. Planificado Estimación de movimiento y actividades de física. OLED Visualización local. Limitado en Arduino UNO / sujeto a arquitectura Mensajes o estados del sistema. 9', 'COODI | Documentación integral para corpus RAG Página 8 • Modularidad para agregar sensores o interfaces. • Mantenimiento comprensible para docentes o facilitadores técnicos. 9. Electrónica, sensores y actuadores Componente Función Estado Uso educativo posible HC-SR04 Medición de distancia mediante ultrasonido. Implementado Obstáculos, navegación y condicionales. Motores DC amarillos (2) Desplazamiento del robot. Implementado Secuencias, trayectorias y control de movimiento. Servomotor SG90 Movimiento angular controlado. Implementado/prototipo Mecanismos, orientación o expresividad. Buzzer Salida sonora. Implementado Eventos, confirmación y retroalimentación. LED RGB / matriz RGB Salida visual mediante color o patrones', '. Profundizar en variables, funciones, estructuras y control del hardware. digitalWrite, lectura de sensores, funciones de movimiento. 12. Programación tangible y tablero La programación tangible permite que los estudiantes construyan físicamente una secuencia de instrucciones antes de enviarla o representarla en el robot. Esta modalidad reduce la barrera inicial de la sintaxis y favorece planificación, anticipación y discu sión colaborativa. 12.1 Tablero de navegación • Tablero de 6 × 6 posiciones para actividades de navegación y resolución de misiones. • Tarjetas de Inicio y Fin para delimitar la secuencia. • Tarjetas o comandos para avanzar y girar. • Elementos magnéticos o manipulativos según la actividad. • Validación mediante control infrarrojo en experiencias implementadas', '. COODIBOT Componente conversacional del ecosistema COODI. Depuración Proceso de identificar y corregir errores en un programa o solución. Funciones ejecutivas Procesos cognitivos de control como planificación, memoria de trabajo, inhibición y flexibilidad. HC-SR04 Sensor ultrasónico utilizado para medir distancia. IA Inteligencia Artificial; sistemas capaces de realizar tareas como clasificación, predicción o reconocimiento de patrones a partir de reglas o datos. KODARA Propuesta lúdica de Código, Descubrir y Razonar asociada al ecosistema. NDCC Modelo: Narrativa, Desafío, Construcción, Programación colaborativa, Prueba y Reflexión. NeuroCOODI Plataforma complementaria de evaluación cognitiva escolar']","- Concepto Clave: Detección de obstáculos implica usar un sensor para medir distancia y ajustar el recorrido del robot.
- Pasos: 1. Conecta el sensor HC-SR04 al robot. 2. Programa el robot para leer la distancia. 3. Establece condiciones para detener o modificar el recorrido si un objeto está cerca.
- OA Vinculado: OA 26. Detección de obstáculos: Usar distancia para detener o modificar el recorrido.
- Verificación: Comprueba que el robot se detenga o cambie de dirección al acercarse a un objeto.","Se usan el sensor HC-SR04, los motores y condicionales de programación para detener o modificar el recorrido del robot.",0.5,0.5376610648899725,1.0,0.8486111110969676,T05,Soporte Tecnico
¿Cuántos motores tiene COODI y para qué sirven?,"['COODI | Documentación integral para corpus RAG Página 6 5. Funciones ejecutivas Las actividades con COODI pueden diseñarse para estimular procesos asociados a las funciones ejecutivas. COODI no se presenta como instrumento clínico; su uso se sitúa en experiencias educativas y, cuando corresponde, en evaluación investigativa con instru mentos definidos. Función ejecutiva Manifestación en una actividad COODI Ejemplo de evidencia observable Planificación Definir pasos antes de ejecutar. El estudiante anticipa la ruta y ordena comandos. Memoria de trabajo Mantener y manipular información relevante. Recuerda posición, meta y reglas mientras ajusta la secuencia. Control inhibitorio Evitar una respuesta impulsiva y comprobar antes de ejecutar. Revisa el algoritmo en lugar de iniciar de inmediato', 'COODI | Documentación integral para corpus RAG Página 4 Principio Descripción Accesibilidad tecnológica Se priorizan componentes de bajo costo y herramientas abiertas o ampliamente disponibles. Funcionamiento local Las actividades centrales pueden realizarse sin dependencia permanente de Internet. Modularidad Hardware, software y recursos pedagógicos pueden ampliarse sin redefinir todo el ecosistema. 2. Ecosistema y componentes COODI se organiza en una dimensión física, una dimensión computacional y una dimensión pedagógica. La integración de estas dimensiones permite que el robot actúe como medio para el aprendizaje y no únicamente como artefacto tecnológico. Dimensión Componentes principales Función Física Robot COODI, tablero, tarjetas, sensores, actuadores, material manipulativo', 'COODI | Documentación integral para corpus RAG Página 20 32. Ficha maestra de especificaciones Área Especificación consolidada Estado Identidad COODI = COnecta, Observa, Descompone, Innova. Vigente Público Educación básica; foco aproximado 7 –12 años; adaptable 3.º –8.º básico. Vigente Metodología NDCC: Narrativa → Desafío → Construcción → Programación colaborativa → Prueba → Reflexión. Vigente Programación Tangible, visual y textual. Vigente Control inicial Arduino UNO. Implementado Control ampliado ESP32 -WROOM -32 / Raspberry Pi Zero 2W según módulo. Prototipo/planificado Distancia HC-SR04. Implementado Movimiento 2 motores DC y servomotor SG90 según configuración. Implementado/prototipo Salida Buzzer y LED RGB/matriz RGB según versión. Implementado Ambiente DHT22', '. Alta COODI -PED Funciones ejecutivas, pensamiento computacional y evaluación. Alta COODI -ACT Cuadernillos, talleres, desafíos y narrativas. Media COODI -PRIV Privacidad, ética, seguridad y datos infantiles. Media COODI -FAQ Preguntas canónicas para estudiantes, docentes y familias. Media COODI -OPS Instalación, mantenimiento y solución de problemas.', 'COODI | Documentación integral para corpus RAG Página 13 18.2 Pruebas consideradas Prueba Variable o proceso de interés Stroop Control inhibitorio, precisión y tiempos de respuesta. Trail Making Secuenciación, atención, velocidad y errores. Wisconsin Card Sorting Flexibilidad cognitiva y cambio de regla. N-back Memoria de trabajo. Alcance. NeuroCOODI debe presentarse como herramienta educativa/investigativa y no como sistema de diagnóstico clínico. 19. COODIBOT COODIBOT es el componente conversacional del ecosistema. Su función puede incluir orientación, respuestas sobre actividades o apoyo a la interacción con recursos educativos. Las implementaciones han considerado un back -end Flask y servicios de modelos de l enguaje. 19', 'COODI | Documentación integral para corpus RAG Página 22 Anexo A. Plantilla de metadatos por documento Campo Ejemplo id COODI -07 titulo Sensores y actuadores de COODI categoria hardware subcategoria sensores audiencia docente; estudiante; desarrollador nivel_educativo educacion_basica edad_recomendada 7-12 version 1.0 estado_documento vigente estado_funcional implemented / prototype / planned fecha_actualizacion 2026 -08-25 keywords sensor; ultrasonido; RFID; motores; servo source_type documentacion_oficial Anexo B', '. COODIBOT Componente conversacional del ecosistema COODI. Depuración Proceso de identificar y corregir errores en un programa o solución. Funciones ejecutivas Procesos cognitivos de control como planificación, memoria de trabajo, inhibición y flexibilidad. HC-SR04 Sensor ultrasónico utilizado para medir distancia. IA Inteligencia Artificial; sistemas capaces de realizar tareas como clasificación, predicción o reconocimiento de patrones a partir de reglas o datos. KODARA Propuesta lúdica de Código, Descubrir y Razonar asociada al ecosistema. NDCC Modelo: Narrativa, Desafío, Construcción, Programación colaborativa, Prueba y Reflexión. NeuroCOODI Plataforma complementaria de evaluación cognitiva escolar', 'COODI | Documentación integral para corpus RAG Página 8 • Modularidad para agregar sensores o interfaces. • Mantenimiento comprensible para docentes o facilitadores técnicos. 9. Electrónica, sensores y actuadores Componente Función Estado Uso educativo posible HC-SR04 Medición de distancia mediante ultrasonido. Implementado Obstáculos, navegación y condicionales. Motores DC amarillos (2) Desplazamiento del robot. Implementado Secuencias, trayectorias y control de movimiento. Servomotor SG90 Movimiento angular controlado. Implementado/prototipo Mecanismos, orientación o expresividad. Buzzer Salida sonora. Implementado Eventos, confirmación y retroalimentación. LED RGB / matriz RGB Salida visual mediante color o patrones', '. coodi_pedagogy NDCC, funciones ejecutivas, pensamiento computacional, evaluación. coodi_hardware Arquitectura física, electrónica, sensores y actuadores. coodi_software Firmware, bloques, programación textual, comunicación y servicios. coodi_activities Cuadernillos, narrativas, talleres, misiones y KODARA. coodi_assessment NeuroCOODI, instrumentos, registros y analítica. coodi_governance Privacidad, ética, seguridad, accesibilidad, mantenimiento. coodi_faq Preguntas frecuentes y respuestas canónicas. 28.1 Audiencias sugeridas • estudiante • docente • facilitador • desarrollador • investigador • apoderado • administrador 29. Estrategia de chunking y metadatos 29.1 Chunking semántico No se recomienda fragmentar únicamente por número fijo de caracteres', '. Dimensión Componentes principales Función Física Robot COODI, tablero, tarjetas, sensores, actuadores, material manipulativo. Permitir interacción tangible, movimiento, percepción y experimentación. Computacional Firmware, programación por bloques, programación textual, comunicación, servicios complementarios. Ejecutar algoritmos, controlar el robot y apoyar experiencias digitales. Pedagógica Modelo NDCC, cuadernillos, narrativas, desafíos, funciones ejecutivas y evaluación. Dar sentido educativo a la interacción tecnológica. 2.1 Componentes del ecosistema • Robot educativo COODI. • Programación tangible mediante tarjetas o comandos físicos. • Entorno de programación visual basado en bloques. • Programación textual para niveles de mayor complejidad. • Tablero de actividades y navegación']","- Concepto Clave: COODI cuenta con 2 motores DC amarillos y un servomotor SG90.
- Pasos: 1. Identifica los motores en el robot COODI. 2. Observa su funcionamiento. 3. Realiza actividades que involucren desplazamiento y movimiento angular.
- OA Vinculado: COODI -HARDWARE: Arquitectura física, electrónica, sensores y actuadores.
- Verificación: Comprueba que el robot se desplace y realice movimientos angulares al ejecutar comandos programados.",COODI tiene 2 motores DC amarillos que permiten el desplazamiento del robot (implementado).,0.75,0.5894885831436134,1.0,0.29444444443462964,T06,Soporte Tecnico
"¿Qué componente permite que COODI mueva partes específicas de forma angular, aparte de los motores de desplazamiento?","['COODI | Documentación integral para corpus RAG Página 8 • Modularidad para agregar sensores o interfaces. • Mantenimiento comprensible para docentes o facilitadores técnicos. 9. Electrónica, sensores y actuadores Componente Función Estado Uso educativo posible HC-SR04 Medición de distancia mediante ultrasonido. Implementado Obstáculos, navegación y condicionales. Motores DC amarillos (2) Desplazamiento del robot. Implementado Secuencias, trayectorias y control de movimiento. Servomotor SG90 Movimiento angular controlado. Implementado/prototipo Mecanismos, orientación o expresividad. Buzzer Salida sonora. Implementado Eventos, confirmación y retroalimentación. LED RGB / matriz RGB Salida visual mediante color o patrones', 'COODI | Documentación integral para corpus RAG Página 4 Principio Descripción Accesibilidad tecnológica Se priorizan componentes de bajo costo y herramientas abiertas o ampliamente disponibles. Funcionamiento local Las actividades centrales pueden realizarse sin dependencia permanente de Internet. Modularidad Hardware, software y recursos pedagógicos pueden ampliarse sin redefinir todo el ecosistema. 2. Ecosistema y componentes COODI se organiza en una dimensión física, una dimensión computacional y una dimensión pedagógica. La integración de estas dimensiones permite que el robot actúe como medio para el aprendizaje y no únicamente como artefacto tecnológico. Dimensión Componentes principales Función Física Robot COODI, tablero, tarjetas, sensores, actuadores, material manipulativo', '. Dimensión Componentes principales Función Física Robot COODI, tablero, tarjetas, sensores, actuadores, material manipulativo. Permitir interacción tangible, movimiento, percepción y experimentación. Computacional Firmware, programación por bloques, programación textual, comunicación, servicios complementarios. Ejecutar algoritmos, controlar el robot y apoyar experiencias digitales. Pedagógica Modelo NDCC, cuadernillos, narrativas, desafíos, funciones ejecutivas y evaluación. Dar sentido educativo a la interacción tecnológica. 2.1 Componentes del ecosistema • Robot educativo COODI. • Programación tangible mediante tarjetas o comandos físicos. • Entorno de programación visual basado en bloques. • Programación textual para niveles de mayor complejidad. • Tablero de actividades y navegación', '. ¿Qué sensor utiliza para distancia? El HC -SR04 se utiliza para medir distancia mediante ultrasonido en configuraciones del robot. ¿Qué es NeuroCOODI? Es un componente complementario para evaluación cognitiva escolar e investigación de funciones ejecutivas, con pruebas como Stroop, Trail Making, Wisconsin Card Sorting y N -back. 31. Glosario Término Definición Actuador Componente que produce una acción física o perceptible, como un motor, servo, LED o buzzer. Algoritmo Secuencia ordenada de instrucciones para resolver un problema o realizar una tarea. Blockly Biblioteca para construir interfaces de programación visual basadas en bloques. COODIBOT Componente conversacional del ecosistema COODI. Depuración Proceso de identificar y corregir errores en un programa o solución', '. COODIBOT Componente conversacional del ecosistema COODI. Depuración Proceso de identificar y corregir errores en un programa o solución. Funciones ejecutivas Procesos cognitivos de control como planificación, memoria de trabajo, inhibición y flexibilidad. HC-SR04 Sensor ultrasónico utilizado para medir distancia. IA Inteligencia Artificial; sistemas capaces de realizar tareas como clasificación, predicción o reconocimiento de patrones a partir de reglas o datos. KODARA Propuesta lúdica de Código, Descubrir y Razonar asociada al ecosistema. NDCC Modelo: Narrativa, Desafío, Construcción, Programación colaborativa, Prueba y Reflexión. NeuroCOODI Plataforma complementaria de evaluación cognitiva escolar', 'COODI | Documentación integral para corpus RAG Página 10 • Secuenciación. • Predicción de resultados. • Trabajo colaborativo. • Depuración de instrucciones. 13. Programación visual con bloques El entorno visual se concibe como una aplicación web basada en Angular y Blockly. El estudiante construye programas mediante bloques que posteriormente se transforman en código o comandos compatibles con la arquitectura del robot. 13.1 Conceptos que puede representar • Secuencias de movimiento. • Condiciones basadas en sensores. • Ciclos o repeticiones. • Variables. • Eventos. • Funciones o procedimientos. • Acciones de motores, LEDs, buzzer y otros actuadores. 13.2 Generación de código El generador de código debe conservar correspondencia explícita entre bloque y comportamiento del robot', '. 18. NeuroCOODI NeuroCOODI es un componente complementario orientado a evaluación cognitiva escolar vinculada con funciones ejecutivas en experiencias de robótica educativa. Su propósito es apoyar diseños pre/post y registrar resultados de instrumentos definidos. 18.1 Arquitectura de software Capa Tecnología / función Front -end Angular; registro de participante, navegación por instrumentos y visualización de resultados. Back -end Node.js y Express. Base de datos MySQL. Autenticación JWT en configuraciones del prototipo. Datos principales Participantes, sesiones, fase pre/post y resultados cognitivos.', 'COODI | Documentación integral para corpus RAG Página 19 ¿COODI utiliza Inteligencia Artificial? El ecosistema incorpora contenidos y líneas de desarrollo vinculadas con IA. Cada función de IA debe documentarse según el módulo y su estado de implementación. ¿COODI reconoce emociones? Los materiales pueden enseñar cómo la IA usa pistas y patrones para estimar estados, pero no debe afirmarse que la máquina comprende emociones como una persona. Cualquier módulo afectivo debe describirse específicamente. ¿Qué sensor utiliza para distancia? El HC -SR04 se utiliza para medir distancia mediante ultrasonido en configuraciones del robot', 'COODI | Documentación integral para corpus RAG Página 20 32. Ficha maestra de especificaciones Área Especificación consolidada Estado Identidad COODI = COnecta, Observa, Descompone, Innova. Vigente Público Educación básica; foco aproximado 7 –12 años; adaptable 3.º –8.º básico. Vigente Metodología NDCC: Narrativa → Desafío → Construcción → Programación colaborativa → Prueba → Reflexión. Vigente Programación Tangible, visual y textual. Vigente Control inicial Arduino UNO. Implementado Control ampliado ESP32 -WROOM -32 / Raspberry Pi Zero 2W según módulo. Prototipo/planificado Distancia HC-SR04. Implementado Movimiento 2 motores DC y servomotor SG90 según configuración. Implementado/prototipo Salida Buzzer y LED RGB/matriz RGB según versión. Implementado Ambiente DHT22', 'COODI | Documentación integral para corpus RAG Página 22 Anexo A. Plantilla de metadatos por documento Campo Ejemplo id COODI -07 titulo Sensores y actuadores de COODI categoria hardware subcategoria sensores audiencia docente; estudiante; desarrollador nivel_educativo educacion_basica edad_recomendada 7-12 version 1.0 estado_documento vigente estado_funcional implemented / prototype / planned fecha_actualizacion 2026 -08-25 keywords sensor; ultrasonido; RFID; motores; servo source_type documentacion_oficial Anexo B']","- Concepto Clave: Servomotor SG90 permite movimiento angular controlado.
- Pasos: 
  1. Conecta el servomotor SG90 al robot COODI.
  2. Programa el movimiento angular deseado en el entorno de programación.
  3. Ejecuta el programa para activar el servomotor.
- OA Vinculado: OA-03: ""Control de movimiento y orientación mediante servomotores.""
- Verificación: Observa el movimiento angular del componente al ejecutar el programa.","El servomotor SG90, que permite movimiento angular controlado para mecanismos u orientación (implementado/prototipo según configuración).",0.6666666666666666,0.43624114833577626,1.0,0.6111111110805556,T07,Soporte Tecnico
¿Qué diferencia hay entre los motores DC y el servomotor SG90 de COODI?,"['COODI | Documentación integral para corpus RAG Página 8 • Modularidad para agregar sensores o interfaces. • Mantenimiento comprensible para docentes o facilitadores técnicos. 9. Electrónica, sensores y actuadores Componente Función Estado Uso educativo posible HC-SR04 Medición de distancia mediante ultrasonido. Implementado Obstáculos, navegación y condicionales. Motores DC amarillos (2) Desplazamiento del robot. Implementado Secuencias, trayectorias y control de movimiento. Servomotor SG90 Movimiento angular controlado. Implementado/prototipo Mecanismos, orientación o expresividad. Buzzer Salida sonora. Implementado Eventos, confirmación y retroalimentación. LED RGB / matriz RGB Salida visual mediante color o patrones', '. El detalle físico puede evolucionar entre versiones, por lo que el RAG debe asociar cada especificación a una versión y estado. Elemento Descripción Estado documental Estructura Cuerpo fabricable mediante impresión 3D. Implementado / sujeto a versión de diseño. Locomoción Dos motores DC para desplazamiento. Implementado. Movimiento adicional Servomotor SG90 para mecanismos o expresividad según configuración. Implementado en configuraciones del prototipo. Unidad de control inicial Arduino UNO. Implementado en versión inicial. Evolución de control ESP32 -WROOM -32 y/o Raspberry Pi Zero 2W como plataformas para ampliación. Prototipo / planificado según módulo. 8.1 Criterios de diseño físico • Bajo costo y disponibilidad de componentes. • Facilidad de reposición de piezas', 'COODI | Documentación integral para corpus RAG Página 20 32. Ficha maestra de especificaciones Área Especificación consolidada Estado Identidad COODI = COnecta, Observa, Descompone, Innova. Vigente Público Educación básica; foco aproximado 7 –12 años; adaptable 3.º –8.º básico. Vigente Metodología NDCC: Narrativa → Desafío → Construcción → Programación colaborativa → Prueba → Reflexión. Vigente Programación Tangible, visual y textual. Vigente Control inicial Arduino UNO. Implementado Control ampliado ESP32 -WROOM -32 / Raspberry Pi Zero 2W según módulo. Prototipo/planificado Distancia HC-SR04. Implementado Movimiento 2 motores DC y servomotor SG90 según configuración. Implementado/prototipo Salida Buzzer y LED RGB/matriz RGB según versión. Implementado Ambiente DHT22', '. ¿Qué sensor utiliza para distancia? El HC -SR04 se utiliza para medir distancia mediante ultrasonido en configuraciones del robot. ¿Qué es NeuroCOODI? Es un componente complementario para evaluación cognitiva escolar e investigación de funciones ejecutivas, con pruebas como Stroop, Trail Making, Wisconsin Card Sorting y N -back. 31. Glosario Término Definición Actuador Componente que produce una acción física o perceptible, como un motor, servo, LED o buzzer. Algoritmo Secuencia ordenada de instrucciones para resolver un problema o realizar una tarea. Blockly Biblioteca para construir interfaces de programación visual basadas en bloques. COODIBOT Componente conversacional del ecosistema COODI. Depuración Proceso de identificar y corregir errores en un programa o solución', '. 13.2 Generación de código El generador de código debe conservar correspondencia explícita entre bloque y comportamiento del robot. La documentación técnica debe mantener un catálogo de bloques, parámetros, código generado y versión del firmware compatible. Dato recomendado por bloque Ejemplo block_id coodi_move_forward nombre visible Avanzar parámetros duración, velocidad código generado función o instrucción de movimiento hardware requerido motores DC nivel sugerido inicial/intermedio versión v1.x 14. Programación textual La programación textual permite trabajar directamente con el microcontrolador y los componentes electrónicos. Arduino/C++ es la referencia principal para las versiones basadas en Arduino o ESP32. 14', 'COODI | Documentación integral para corpus RAG Página 16 25. Operación, mantenimiento y seguridad física 25.1 Revisión previa • Verificar integridad de piezas impresas y fijaciones. • Comprobar cableado y ausencia de conductores expuestos. • Revisar baterías y alimentación antes del uso. • Confirmar que ruedas, motores y servos se mueven sin obstrucciones. • Probar sensores antes de iniciar una actividad crítica. 25.2 Durante el uso • Evitar introducir dedos u objetos en partes móviles. • No usar el robot cerca de líquidos salvo actividades específicamente diseñadas y protegidas. • Mantener supervisión adulta cuando corresponda. • Detener el robot ante ruido mecánico, sobrecalentamiento o comportamiento anómalo. 25.3 Mantenimiento • Revisar conectores y tornillos periódicamente', '. COODIBOT Componente conversacional del ecosistema COODI. Depuración Proceso de identificar y corregir errores en un programa o solución. Funciones ejecutivas Procesos cognitivos de control como planificación, memoria de trabajo, inhibición y flexibilidad. HC-SR04 Sensor ultrasónico utilizado para medir distancia. IA Inteligencia Artificial; sistemas capaces de realizar tareas como clasificación, predicción o reconocimiento de patrones a partir de reglas o datos. KODARA Propuesta lúdica de Código, Descubrir y Razonar asociada al ecosistema. NDCC Modelo: Narrativa, Desafío, Construcción, Programación colaborativa, Prueba y Reflexión. NeuroCOODI Plataforma complementaria de evaluación cognitiva escolar', '. 25.3 Mantenimiento • Revisar conectores y tornillos periódicamente. • Limpiar sensores sin productos abrasivos. • Mantener firmware y aplicación asociados a una versión documentada. • Registrar sustituciones de componentes que alteren el comportamiento. 26. Casos de uso Caso Descripción Componentes Navegación en tablero Programar una ruta desde Inicio hasta Fin evitando obstáculos. Robot, tablero 6×6, tarjetas o bloques. Detección de obstáculos Usar distancia para detener o modificar el recorrido. HC-SR04, motores, condicionales. Misión ambiental Medir temperatura/humedad y relacionar datos con una narrativa ambiental. DHT22, robot, cuadernillo. Patrones e IA Observar pistas y discutir cómo un algoritmo puede identificar regularidades. Material narrativo, sensores o datos de ejemplo', '. OLED Visualización local. Limitado en Arduino UNO / sujeto a arquitectura Mensajes o estados del sistema. 9.1 Uso de sensores Los sensores deben introducirse pedagógicamente mediante la secuencia “variable física → dato → regla o algoritmo → acción”. Por ejemplo, el HC -SR04 mide una distancia; el programa compara ese valor con un umbral; si el objeto está cerca, COODI puede deten erse o modificar su recorrido. 9.2 Uso de actuadores Motores, servos, LEDs y buzzer son actuadores porque producen una respuesta física o perceptible. Su uso permite que los estudiantes observen inmediatamente el efecto de un algoritmo. 10. Arquitectura computacional y comunicaciones 10', '. Dimensión Componentes principales Función Física Robot COODI, tablero, tarjetas, sensores, actuadores, material manipulativo. Permitir interacción tangible, movimiento, percepción y experimentación. Computacional Firmware, programación por bloques, programación textual, comunicación, servicios complementarios. Ejecutar algoritmos, controlar el robot y apoyar experiencias digitales. Pedagógica Modelo NDCC, cuadernillos, narrativas, desafíos, funciones ejecutivas y evaluación. Dar sentido educativo a la interacción tecnológica. 2.1 Componentes del ecosistema • Robot educativo COODI. • Programación tangible mediante tarjetas o comandos físicos. • Entorno de programación visual basado en bloques. • Programación textual para niveles de mayor complejidad. • Tablero de actividades y navegación']","- Concepto Clave: Los motores DC permiten el desplazamiento continuo del robot, mientras que el servomotor SG90 proporciona movimiento angular controlado.
  
- Pasos: 
  1. Identifica el motor DC en el robot.
  2. Observa su funcionamiento en desplazamientos.
  3. Localiza el servomotor SG90.
  4. Verifica su capacidad de movimiento en ángulos específicos.

- OA Vinculado: OA 9.1 - Uso de sensores y actuadores para observar efectos inmediatos de algoritmos.

- Verificación: Comprueba que el robot se desplace con los motores DC y que el servomotor cambie de posición en ángulos determinados.","Los motores DC amarillos desplazan al robot (movimiento continuo), mientras que el servomotor SG90 realiza movimiento angular controlado, útil para mecanismos u orientación de piezas.",0.5555555555555556,0.6739175382936562,0.6666666666666666,0.9999999999666667,T08,Soporte Tecnico
¿Qué actuador usa COODI para emitir sonido?,"['. ¿Qué sensor utiliza para distancia? El HC -SR04 se utiliza para medir distancia mediante ultrasonido en configuraciones del robot. ¿Qué es NeuroCOODI? Es un componente complementario para evaluación cognitiva escolar e investigación de funciones ejecutivas, con pruebas como Stroop, Trail Making, Wisconsin Card Sorting y N -back. 31. Glosario Término Definición Actuador Componente que produce una acción física o perceptible, como un motor, servo, LED o buzzer. Algoritmo Secuencia ordenada de instrucciones para resolver un problema o realizar una tarea. Blockly Biblioteca para construir interfaces de programación visual basadas en bloques. COODIBOT Componente conversacional del ecosistema COODI. Depuración Proceso de identificar y corregir errores en un programa o solución', 'COODI | Documentación integral para corpus RAG Página 8 • Modularidad para agregar sensores o interfaces. • Mantenimiento comprensible para docentes o facilitadores técnicos. 9. Electrónica, sensores y actuadores Componente Función Estado Uso educativo posible HC-SR04 Medición de distancia mediante ultrasonido. Implementado Obstáculos, navegación y condicionales. Motores DC amarillos (2) Desplazamiento del robot. Implementado Secuencias, trayectorias y control de movimiento. Servomotor SG90 Movimiento angular controlado. Implementado/prototipo Mecanismos, orientación o expresividad. Buzzer Salida sonora. Implementado Eventos, confirmación y retroalimentación. LED RGB / matriz RGB Salida visual mediante color o patrones', 'COODI | Documentación integral para corpus RAG Página 22 Anexo A. Plantilla de metadatos por documento Campo Ejemplo id COODI -07 titulo Sensores y actuadores de COODI categoria hardware subcategoria sensores audiencia docente; estudiante; desarrollador nivel_educativo educacion_basica edad_recomendada 7-12 version 1.0 estado_documento vigente estado_funcional implemented / prototype / planned fecha_actualizacion 2026 -08-25 keywords sensor; ultrasonido; RFID; motores; servo source_type documentacion_oficial Anexo B', '. COODIBOT Componente conversacional del ecosistema COODI. Depuración Proceso de identificar y corregir errores en un programa o solución. Funciones ejecutivas Procesos cognitivos de control como planificación, memoria de trabajo, inhibición y flexibilidad. HC-SR04 Sensor ultrasónico utilizado para medir distancia. IA Inteligencia Artificial; sistemas capaces de realizar tareas como clasificación, predicción o reconocimiento de patrones a partir de reglas o datos. KODARA Propuesta lúdica de Código, Descubrir y Razonar asociada al ecosistema. NDCC Modelo: Narrativa, Desafío, Construcción, Programación colaborativa, Prueba y Reflexión. NeuroCOODI Plataforma complementaria de evaluación cognitiva escolar', 'COODI | Documentación integral para corpus RAG Página 20 32. Ficha maestra de especificaciones Área Especificación consolidada Estado Identidad COODI = COnecta, Observa, Descompone, Innova. Vigente Público Educación básica; foco aproximado 7 –12 años; adaptable 3.º –8.º básico. Vigente Metodología NDCC: Narrativa → Desafío → Construcción → Programación colaborativa → Prueba → Reflexión. Vigente Programación Tangible, visual y textual. Vigente Control inicial Arduino UNO. Implementado Control ampliado ESP32 -WROOM -32 / Raspberry Pi Zero 2W según módulo. Prototipo/planificado Distancia HC-SR04. Implementado Movimiento 2 motores DC y servomotor SG90 según configuración. Implementado/prototipo Salida Buzzer y LED RGB/matriz RGB según versión. Implementado Ambiente DHT22', 'COODI | Documentación integral para corpus RAG Página 6 5. Funciones ejecutivas Las actividades con COODI pueden diseñarse para estimular procesos asociados a las funciones ejecutivas. COODI no se presenta como instrumento clínico; su uso se sitúa en experiencias educativas y, cuando corresponde, en evaluación investigativa con instru mentos definidos. Función ejecutiva Manifestación en una actividad COODI Ejemplo de evidencia observable Planificación Definir pasos antes de ejecutar. El estudiante anticipa la ruta y ordena comandos. Memoria de trabajo Mantener y manipular información relevante. Recuerda posición, meta y reglas mientras ajusta la secuencia. Control inhibitorio Evitar una respuesta impulsiva y comprobar antes de ejecutar. Revisa el algoritmo en lugar de iniciar de inmediato', 'COODI | Documentación integral para corpus RAG Página 4 Principio Descripción Accesibilidad tecnológica Se priorizan componentes de bajo costo y herramientas abiertas o ampliamente disponibles. Funcionamiento local Las actividades centrales pueden realizarse sin dependencia permanente de Internet. Modularidad Hardware, software y recursos pedagógicos pueden ampliarse sin redefinir todo el ecosistema. 2. Ecosistema y componentes COODI se organiza en una dimensión física, una dimensión computacional y una dimensión pedagógica. La integración de estas dimensiones permite que el robot actúe como medio para el aprendizaje y no únicamente como artefacto tecnológico. Dimensión Componentes principales Función Física Robot COODI, tablero, tarjetas, sensores, actuadores, material manipulativo', 'COODI | Documentación integral para corpus RAG Página 13 18.2 Pruebas consideradas Prueba Variable o proceso de interés Stroop Control inhibitorio, precisión y tiempos de respuesta. Trail Making Secuenciación, atención, velocidad y errores. Wisconsin Card Sorting Flexibilidad cognitiva y cambio de regla. N-back Memoria de trabajo. Alcance. NeuroCOODI debe presentarse como herramienta educativa/investigativa y no como sistema de diagnóstico clínico. 19. COODIBOT COODIBOT es el componente conversacional del ecosistema. Su función puede incluir orientación, respuestas sobre actividades o apoyo a la interacción con recursos educativos. Las implementaciones han considerado un back -end Flask y servicios de modelos de l enguaje. 19', '. Dimensión Componentes principales Función Física Robot COODI, tablero, tarjetas, sensores, actuadores, material manipulativo. Permitir interacción tangible, movimiento, percepción y experimentación. Computacional Firmware, programación por bloques, programación textual, comunicación, servicios complementarios. Ejecutar algoritmos, controlar el robot y apoyar experiencias digitales. Pedagógica Modelo NDCC, cuadernillos, narrativas, desafíos, funciones ejecutivas y evaluación. Dar sentido educativo a la interacción tecnológica. 2.1 Componentes del ecosistema • Robot educativo COODI. • Programación tangible mediante tarjetas o comandos físicos. • Entorno de programación visual basado en bloques. • Programación textual para niveles de mayor complejidad. • Tablero de actividades y navegación', 'COODI | Documentación integral para corpus RAG Página 19 ¿COODI utiliza Inteligencia Artificial? El ecosistema incorpora contenidos y líneas de desarrollo vinculadas con IA. Cada función de IA debe documentarse según el módulo y su estado de implementación. ¿COODI reconoce emociones? Los materiales pueden enseñar cómo la IA usa pistas y patrones para estimar estados, pero no debe afirmarse que la máquina comprende emociones como una persona. Cualquier módulo afectivo debe describirse específicamente. ¿Qué sensor utiliza para distancia? El HC -SR04 se utiliza para medir distancia mediante ultrasonido en configuraciones del robot']","- Concepto Clave: Buzzer, componente que produce salida sonora.
- Pasos: 1. Conecta el buzzer al robot COODI. 2. Programa el buzzer para emitir sonidos en situaciones específicas. 3. Ejecuta el programa.
- OA Vinculado: COODI-07, ""Sensores y actuadores de COODI"".
- Verificación: Comprueba que el buzzer emita sonido al ejecutar el programa.","El buzzer, que entrega salida sonora para eventos, confirmaciones o retroalimentación (implementado).",0.4,0.48725214456601934,1.0,0.8666666666377778,T09,Soporte Tecnico
¿Cómo puede COODI dar retroalimentación visual a los estudiantes?,"['. • Entorno de programación visual basado en bloques. • Programación textual para niveles de mayor complejidad. • Tablero de actividades y navegación. • Cuadernillos narrativos con desafíos STEM+IA. • NeuroCOODI para evaluación cognitiva y funciones ejecutivas. • COODIBOT como componente conversacional complementario. • Recursos de apoyo docente, instrumentos y materiales de evaluación. 3. Público objetivo y contextos de uso COODI está dirigido principalmente a estudiantes de educación básica. Las actividades se han concebido para rangos aproximados de 7 a 12 años, con adaptaciones que pueden extenderse a niveles entre 3.º y 8.º básico según la complejidad de la experiencia', 'COODI | Documentación integral para corpus RAG Página 13 18.2 Pruebas consideradas Prueba Variable o proceso de interés Stroop Control inhibitorio, precisión y tiempos de respuesta. Trail Making Secuenciación, atención, velocidad y errores. Wisconsin Card Sorting Flexibilidad cognitiva y cambio de regla. N-back Memoria de trabajo. Alcance. NeuroCOODI debe presentarse como herramienta educativa/investigativa y no como sistema de diagnóstico clínico. 19. COODIBOT COODIBOT es el componente conversacional del ecosistema. Su función puede incluir orientación, respuestas sobre actividades o apoyo a la interacción con recursos educativos. Las implementaciones han considerado un back -end Flask y servicios de modelos de l enguaje. 19', '. 18. NeuroCOODI NeuroCOODI es un componente complementario orientado a evaluación cognitiva escolar vinculada con funciones ejecutivas en experiencias de robótica educativa. Su propósito es apoyar diseños pre/post y registrar resultados de instrumentos definidos. 18.1 Arquitectura de software Capa Tecnología / función Front -end Angular; registro de participante, navegación por instrumentos y visualización de resultados. Back -end Node.js y Express. Base de datos MySQL. Autenticación JWT en configuraciones del prototipo. Datos principales Participantes, sesiones, fase pre/post y resultados cognitivos.', 'COODI | Documentación integral para corpus RAG Página 5 Contexto Uso esperado Formación docente Demostración de metodologías activas, programación y robótica educativa. Investigación educativa Evaluación de interacción, aprendizaje, funciones ejecutivas y diseño de experiencias. Adaptación por edad. La edad recomendada no debe usarse como una restricción rígida. La selección de actividades depende del nivel de lectura, experiencia previa con programación, objetivos de aprendizaje y acompañamiento docente. 4. Modelo pedagógico NDCC NDCC es el modelo didáctico que organiza las experiencias de COODI. Su secuencia busca conectar una situación significativa con un desafío concreto, una construcción o manipulación, la programación colaborativa, la experimentación y la reflexión', 'COODI | Documentación integral para corpus RAG Página 8 • Modularidad para agregar sensores o interfaces. • Mantenimiento comprensible para docentes o facilitadores técnicos. 9. Electrónica, sensores y actuadores Componente Función Estado Uso educativo posible HC-SR04 Medición de distancia mediante ultrasonido. Implementado Obstáculos, navegación y condicionales. Motores DC amarillos (2) Desplazamiento del robot. Implementado Secuencias, trayectorias y control de movimiento. Servomotor SG90 Movimiento angular controlado. Implementado/prototipo Mecanismos, orientación o expresividad. Buzzer Salida sonora. Implementado Eventos, confirmación y retroalimentación. LED RGB / matriz RGB Salida visual mediante color o patrones', 'COODI | Documentación integral para corpus RAG Página 14 20.1 Diseño pre/post Cuando se realicen estudios de intervención, pueden utilizarse instrumentos pre/post y registros de actividad. Los datos de niños deben manejarse mediante protocolos éticos, minimización de datos, consentimiento de responsables y asentimiento cuando corres ponda. 21. Sostenibilidad y tecnología verde COODI incorpora sostenibilidad tanto como tema educativo como criterio de uso responsable de la tecnología. Las narrativas pueden abordar cambio climático, variables ambientales y decisiones de consumo energético. • Utilizar sensores ambientales para observar condiciones del entorno. • Promover el apagado o suspensión de componentes inactivos cuando sea técnicamente posible', '. COODIBOT Componente conversacional del ecosistema COODI. Depuración Proceso de identificar y corregir errores en un programa o solución. Funciones ejecutivas Procesos cognitivos de control como planificación, memoria de trabajo, inhibición y flexibilidad. HC-SR04 Sensor ultrasónico utilizado para medir distancia. IA Inteligencia Artificial; sistemas capaces de realizar tareas como clasificación, predicción o reconocimiento de patrones a partir de reglas o datos. KODARA Propuesta lúdica de Código, Descubrir y Razonar asociada al ecosistema. NDCC Modelo: Narrativa, Desafío, Construcción, Programación colaborativa, Prueba y Reflexión. NeuroCOODI Plataforma complementaria de evaluación cognitiva escolar', '. Alta COODI -PED Funciones ejecutivas, pensamiento computacional y evaluación. Alta COODI -ACT Cuadernillos, talleres, desafíos y narrativas. Media COODI -PRIV Privacidad, ética, seguridad y datos infantiles. Media COODI -FAQ Preguntas canónicas para estudiantes, docentes y familias. Media COODI -OPS Instalación, mantenimiento y solución de problemas.', 'COODI | Documentación integral para corpus RAG Página 20 32. Ficha maestra de especificaciones Área Especificación consolidada Estado Identidad COODI = COnecta, Observa, Descompone, Innova. Vigente Público Educación básica; foco aproximado 7 –12 años; adaptable 3.º –8.º básico. Vigente Metodología NDCC: Narrativa → Desafío → Construcción → Programación colaborativa → Prueba → Reflexión. Vigente Programación Tangible, visual y textual. Vigente Control inicial Arduino UNO. Implementado Control ampliado ESP32 -WROOM -32 / Raspberry Pi Zero 2W según módulo. Prototipo/planificado Distancia HC-SR04. Implementado Movimiento 2 motores DC y servomotor SG90 según configuración. Implementado/prototipo Salida Buzzer y LED RGB/matriz RGB según versión. Implementado Ambiente DHT22', '. coodi_pedagogy NDCC, funciones ejecutivas, pensamiento computacional, evaluación. coodi_hardware Arquitectura física, electrónica, sensores y actuadores. coodi_software Firmware, bloques, programación textual, comunicación y servicios. coodi_activities Cuadernillos, narrativas, talleres, misiones y KODARA. coodi_assessment NeuroCOODI, instrumentos, registros y analítica. coodi_governance Privacidad, ética, seguridad, accesibilidad, mantenimiento. coodi_faq Preguntas frecuentes y respuestas canónicas. 28.1 Audiencias sugeridas • estudiante • docente • facilitador • desarrollador • investigador • apoderado • administrador 29. Estrategia de chunking y metadatos 29.1 Chunking semántico No se recomienda fragmentar únicamente por número fijo de caracteres']","- Concepto Clave: COODI utiliza LED RGB y matrices RGB para proporcionar retroalimentación visual a los estudiantes mediante colores y patrones.
  
- Pasos: 
  1. Conecta el LED RGB o matriz RGB al sistema COODI.
  2. Programa el comportamiento visual deseado (colores/patrones) en respuesta a eventos específicos.
  3. Ejecuta el programa y observa la retroalimentación visual.

- OA Vinculado: coodi_hardware - Arquitectura física, electrónica, sensores y actuadores.

- Verificación: Comprueba que el LED o matriz RGB emita los colores/patrones programados al activar los eventos correspondientes.","Mediante el LED RGB o matriz RGB, que entrega salida visual con color o patrones para estados y codificación visual.",0.5,0.44520704948847495,1.0,0.5777777777585186,T10,Soporte Tecnico
"Quiero que COODI avise con luz cuando complete una misión, ¿qué componente debo usar?","['. Etapa Propósito Ejemplo con COODI Narrativa Contextualizar la experiencia y generar motivación. COODI debe completar una misión en Marte o resolver una situación ambiental. Desafío Definir el problema o meta a alcanzar. Llegar a una zona del tablero evitando obstáculos. Construcción Preparar materiales, recorrido o componentes requeridos. Ubicar tarjetas, obstáculos, sensores o elementos del escenario. Programación colaborativa Diseñar en equipo la secuencia o algoritmo. Seleccionar movimientos, condiciones o bloques. Prueba Ejecutar el programa y observar el comportamiento. COODI realiza el recorrido. Reflexión Analizar errores, estrategias, aprendizaje y alternativas. Comparar el resultado con la planificación y depurar el algoritmo. 4', '. COODIBOT Componente conversacional del ecosistema COODI. Depuración Proceso de identificar y corregir errores en un programa o solución. Funciones ejecutivas Procesos cognitivos de control como planificación, memoria de trabajo, inhibición y flexibilidad. HC-SR04 Sensor ultrasónico utilizado para medir distancia. IA Inteligencia Artificial; sistemas capaces de realizar tareas como clasificación, predicción o reconocimiento de patrones a partir de reglas o datos. KODARA Propuesta lúdica de Código, Descubrir y Razonar asociada al ecosistema. NDCC Modelo: Narrativa, Desafío, Construcción, Programación colaborativa, Prueba y Reflexión. NeuroCOODI Plataforma complementaria de evaluación cognitiva escolar', 'COODI | Documentación integral para corpus RAG Página 22 Anexo A. Plantilla de metadatos por documento Campo Ejemplo id COODI -07 titulo Sensores y actuadores de COODI categoria hardware subcategoria sensores audiencia docente; estudiante; desarrollador nivel_educativo educacion_basica edad_recomendada 7-12 version 1.0 estado_documento vigente estado_funcional implemented / prototype / planned fecha_actualizacion 2026 -08-25 keywords sensor; ultrasonido; RFID; motores; servo source_type documentacion_oficial Anexo B', '. ¿Qué sensor utiliza para distancia? El HC -SR04 se utiliza para medir distancia mediante ultrasonido en configuraciones del robot. ¿Qué es NeuroCOODI? Es un componente complementario para evaluación cognitiva escolar e investigación de funciones ejecutivas, con pruebas como Stroop, Trail Making, Wisconsin Card Sorting y N -back. 31. Glosario Término Definición Actuador Componente que produce una acción física o perceptible, como un motor, servo, LED o buzzer. Algoritmo Secuencia ordenada de instrucciones para resolver un problema o realizar una tarea. Blockly Biblioteca para construir interfaces de programación visual basadas en bloques. COODIBOT Componente conversacional del ecosistema COODI. Depuración Proceso de identificar y corregir errores en un programa o solución', '. Patrones e IA Observar pistas y discutir cómo un algoritmo puede identificar regularidades. Material narrativo, sensores o datos de ejemplo. Funciones ejecutivas Planificar, ejecutar, detectar error y cambiar estrategia. NDCC, tablero, robot, instrumentos de observación. Programación progresiva Resolver una misma misión primero con tarjetas, luego bloques y finalmente código. Tres entornos de programación. 27. Limitaciones y alcance • COODI es un ecosistema educativo y de investigación; no reemplaza instrumentos clínicos ni diagnósticos. • La configuración de hardware puede variar entre versiones; las respuestas técnicas deben indicar versión y estado', 'COODI | Documentación integral para corpus RAG Página 8 • Modularidad para agregar sensores o interfaces. • Mantenimiento comprensible para docentes o facilitadores técnicos. 9. Electrónica, sensores y actuadores Componente Función Estado Uso educativo posible HC-SR04 Medición de distancia mediante ultrasonido. Implementado Obstáculos, navegación y condicionales. Motores DC amarillos (2) Desplazamiento del robot. Implementado Secuencias, trayectorias y control de movimiento. Servomotor SG90 Movimiento angular controlado. Implementado/prototipo Mecanismos, orientación o expresividad. Buzzer Salida sonora. Implementado Eventos, confirmación y retroalimentación. LED RGB / matriz RGB Salida visual mediante color o patrones', '. Alta COODI -PED Funciones ejecutivas, pensamiento computacional y evaluación. Alta COODI -ACT Cuadernillos, talleres, desafíos y narrativas. Media COODI -PRIV Privacidad, ética, seguridad y datos infantiles. Media COODI -FAQ Preguntas canónicas para estudiantes, docentes y familias. Media COODI -OPS Instalación, mantenimiento y solución de problemas.', 'COODI | Documentación integral para corpus RAG Página 6 5. Funciones ejecutivas Las actividades con COODI pueden diseñarse para estimular procesos asociados a las funciones ejecutivas. COODI no se presenta como instrumento clínico; su uso se sitúa en experiencias educativas y, cuando corresponde, en evaluación investigativa con instru mentos definidos. Función ejecutiva Manifestación en una actividad COODI Ejemplo de evidencia observable Planificación Definir pasos antes de ejecutar. El estudiante anticipa la ruta y ordena comandos. Memoria de trabajo Mantener y manipular información relevante. Recuerda posición, meta y reglas mientras ajusta la secuencia. Control inhibitorio Evitar una respuesta impulsiva y comprobar antes de ejecutar. Revisa el algoritmo en lugar de iniciar de inmediato', '. • Usar rondas de prueba y depuración para observar adaptación de la estrategia. 6. Pensamiento computacional Habilidad Aplicación en COODI Descomposición Dividir una misión en movimientos, decisiones o subproblemas. Reconocimiento de patrones Detectar regularidades en recorridos, datos de sensores o comportamientos. Abstracción Identificar información relevante y descartar detalles que no afectan la solución. Algoritmos Crear una secuencia ordenada y reproducible de instrucciones. Evaluación Comparar el comportamiento obtenido con el comportamiento esperado. Depuración Localizar y corregir errores en la solución. La progresión de COODI facilita representar un mismo algoritmo en diferentes niveles: físicamente mediante tarjetas, visualmente mediante bloques y textualmente mediante código', 'COODI | Documentación integral para corpus RAG Página 16 25. Operación, mantenimiento y seguridad física 25.1 Revisión previa • Verificar integridad de piezas impresas y fijaciones. • Comprobar cableado y ausencia de conductores expuestos. • Revisar baterías y alimentación antes del uso. • Confirmar que ruedas, motores y servos se mueven sin obstrucciones. • Probar sensores antes de iniciar una actividad crítica. 25.2 Durante el uso • Evitar introducir dedos u objetos en partes móviles. • No usar el robot cerca de líquidos salvo actividades específicamente diseñadas y protegidas. • Mantener supervisión adulta cuando corresponda. • Detener el robot ante ruido mecánico, sobrecalentamiento o comportamiento anómalo. 25.3 Mantenimiento • Revisar conectores y tornillos periódicamente']","- Concepto Clave: LED RGB/Matriz RGB (Componente que emite luz en diferentes colores o patrones).
- Pasos: 
  1. Conecta el LED RGB al robot COODI.
  2. Programa el LED para que se encienda al finalizar la misión.
  3. Define los colores o patrones que deseas mostrar.
- OA Vinculado: COODI -07 (Sensores y actuadores de COODI, categoría hardware).
- Verificación: Observa si el LED se enciende con el color o patrón programado al completar la misión.","El LED RGB / matriz RGB, usando un color o patrón específico para señalizar el estado de ""misión completada"".",0.375,0.43253747736052695,1.0,0.3833333333205555,T11,Soporte Tecnico
¿Qué sensor debo usar si quiero que los estudiantes midan temperatura y humedad con COODI?,"['COODI | Documentación integral para corpus RAG Página 19 ¿COODI utiliza Inteligencia Artificial? El ecosistema incorpora contenidos y líneas de desarrollo vinculadas con IA. Cada función de IA debe documentarse según el módulo y su estado de implementación. ¿COODI reconoce emociones? Los materiales pueden enseñar cómo la IA usa pistas y patrones para estimar estados, pero no debe afirmarse que la máquina comprende emociones como una persona. Cualquier módulo afectivo debe describirse específicamente. ¿Qué sensor utiliza para distancia? El HC -SR04 se utiliza para medir distancia mediante ultrasonido en configuraciones del robot', 'COODI | Documentación integral para corpus RAG Página 22 Anexo A. Plantilla de metadatos por documento Campo Ejemplo id COODI -07 titulo Sensores y actuadores de COODI categoria hardware subcategoria sensores audiencia docente; estudiante; desarrollador nivel_educativo educacion_basica edad_recomendada 7-12 version 1.0 estado_documento vigente estado_funcional implemented / prototype / planned fecha_actualizacion 2026 -08-25 keywords sensor; ultrasonido; RFID; motores; servo source_type documentacion_oficial Anexo B', '. COODIBOT Componente conversacional del ecosistema COODI. Depuración Proceso de identificar y corregir errores en un programa o solución. Funciones ejecutivas Procesos cognitivos de control como planificación, memoria de trabajo, inhibición y flexibilidad. HC-SR04 Sensor ultrasónico utilizado para medir distancia. IA Inteligencia Artificial; sistemas capaces de realizar tareas como clasificación, predicción o reconocimiento de patrones a partir de reglas o datos. KODARA Propuesta lúdica de Código, Descubrir y Razonar asociada al ecosistema. NDCC Modelo: Narrativa, Desafío, Construcción, Programación colaborativa, Prueba y Reflexión. NeuroCOODI Plataforma complementaria de evaluación cognitiva escolar', '. ¿Qué sensor utiliza para distancia? El HC -SR04 se utiliza para medir distancia mediante ultrasonido en configuraciones del robot. ¿Qué es NeuroCOODI? Es un componente complementario para evaluación cognitiva escolar e investigación de funciones ejecutivas, con pruebas como Stroop, Trail Making, Wisconsin Card Sorting y N -back. 31. Glosario Término Definición Actuador Componente que produce una acción física o perceptible, como un motor, servo, LED o buzzer. Algoritmo Secuencia ordenada de instrucciones para resolver un problema o realizar una tarea. Blockly Biblioteca para construir interfaces de programación visual basadas en bloques. COODIBOT Componente conversacional del ecosistema COODI. Depuración Proceso de identificar y corregir errores en un programa o solución', '. Buzzer Salida sonora. Implementado Eventos, confirmación y retroalimentación. LED RGB / matriz RGB Salida visual mediante color o patrones. Implementado según versión Estados, retroalimentación y codificación visual. DHT22 Temperatura y humedad. Implementado/prototipo según actividad STEM ambiental y adquisición de datos. Sensor infrarrojo / control IR Recepción de comandos o validación. Implementado en actividades Interacción y validación de desafíos. RFID Identificación de tarjetas u objetos. Planificado Programación tangible y reconocimiento de elementos. IMU Movimiento y orientación. Planificado Estimación de movimiento y actividades de física. OLED Visualización local. Limitado en Arduino UNO / sujeto a arquitectura Mensajes o estados del sistema. 9', 'COODI | Documentación integral para corpus RAG Página 8 • Modularidad para agregar sensores o interfaces. • Mantenimiento comprensible para docentes o facilitadores técnicos. 9. Electrónica, sensores y actuadores Componente Función Estado Uso educativo posible HC-SR04 Medición de distancia mediante ultrasonido. Implementado Obstáculos, navegación y condicionales. Motores DC amarillos (2) Desplazamiento del robot. Implementado Secuencias, trayectorias y control de movimiento. Servomotor SG90 Movimiento angular controlado. Implementado/prototipo Mecanismos, orientación o expresividad. Buzzer Salida sonora. Implementado Eventos, confirmación y retroalimentación. LED RGB / matriz RGB Salida visual mediante color o patrones', 'COODI | Documentación integral para corpus RAG Página 14 20.1 Diseño pre/post Cuando se realicen estudios de intervención, pueden utilizarse instrumentos pre/post y registros de actividad. Los datos de niños deben manejarse mediante protocolos éticos, minimización de datos, consentimiento de responsables y asentimiento cuando corres ponda. 21. Sostenibilidad y tecnología verde COODI incorpora sostenibilidad tanto como tema educativo como criterio de uso responsable de la tecnología. Las narrativas pueden abordar cambio climático, variables ambientales y decisiones de consumo energético. • Utilizar sensores ambientales para observar condiciones del entorno. • Promover el apagado o suspensión de componentes inactivos cuando sea técnicamente posible', '. Regla conceptual para materiales infantiles. Evitar expresiones que atribuyan comprensión humana al sistema. Es preferible decir “la IA identifica pistas o patrones y estima qué podría estar ocurriendo” en lugar de “la IA sabe cómo se siente una persona”. 7.3 Datos, patrones y sensores COODI puede introducir la idea de que los sensores producen datos y que un algoritmo puede utilizar esos datos para reconocer condiciones o patrones. Esto permite diferenciar percepción, procesamiento y acción. 8. Arquitectura física del robot El diseño de COODI prioriza fabricación accesible, estructura reproducible mediante impresión 3D y componentes electrónicos de bajo costo. El detalle físico puede evolucionar entre versiones, por lo que el RAG debe asociar cada especificación a una versión y estado', 'COODI | Documentación integral para corpus RAG Página 20 32. Ficha maestra de especificaciones Área Especificación consolidada Estado Identidad COODI = COnecta, Observa, Descompone, Innova. Vigente Público Educación básica; foco aproximado 7 –12 años; adaptable 3.º –8.º básico. Vigente Metodología NDCC: Narrativa → Desafío → Construcción → Programación colaborativa → Prueba → Reflexión. Vigente Programación Tangible, visual y textual. Vigente Control inicial Arduino UNO. Implementado Control ampliado ESP32 -WROOM -32 / Raspberry Pi Zero 2W según módulo. Prototipo/planificado Distancia HC-SR04. Implementado Movimiento 2 motores DC y servomotor SG90 según configuración. Implementado/prototipo Salida Buzzer y LED RGB/matriz RGB según versión. Implementado Ambiente DHT22', '. Alta COODI -PED Funciones ejecutivas, pensamiento computacional y evaluación. Alta COODI -ACT Cuadernillos, talleres, desafíos y narrativas. Media COODI -PRIV Privacidad, ética, seguridad y datos infantiles. Media COODI -FAQ Preguntas canónicas para estudiantes, docentes y familias. Media COODI -OPS Instalación, mantenimiento y solución de problemas.']","- Concepto Clave: DHT22 es un sensor que mide temperatura y humedad.
- Pasos: 
  1. Conecta el sensor DHT22 al sistema COODI.
  2. Programa el robot para leer datos del sensor.
  3. Ejecuta el programa y observa los resultados.
- OA Vinculado: COODI -07, ""Sensores y actuadores de COODI"", categoría hardware, subcategoría sensores.
- Verificación: Comprueba que el robot muestre correctamente los valores de temperatura y humedad en la interfaz.","El sensor DHT22, que mide temperatura y humedad (implementado/prototipo según actividad); se usa en misiones ambientales STEM.",0.3333333333333333,0.583102905019524,1.0,0.21111111110055555,T12,Soporte Tecnico
"En el caso de uso ""Misión ambiental"", ¿qué sensor se utiliza y con qué recurso didáctico se relaciona?","['. rECONOCEr LA IMPOr T ANCIA dEL ENTOrNO NA Tu - RAL Y sUs RECURsos, DEs ARRoLLANDo CoNDUCt As DE CUIDADo Y pRotECCIÓN DEL AmbIENtE . Se espera que los estudiantes, en la medida que van comprendiendo la importancia de los diversos elemen-tos (seres vivos, objetos y/o eventos) que conforman el entorno natural, desarrollen la conciencia de cuidar, preservar y conservar nuestro patrimonio natural. ASuMIr rESPONSABILId AdES E INTErACTu Ar EN foRmA CoLAboRA tIv A Y fLExIbLE EN Los tRA - bAjos EN EqUIpo, ApoR tANDo Y ENRIqUECIEN - dO EL TrABA jO COMúN . La asignatura fomenta el trabajo grupal, especialmente me- diante de investigaciones, indagaciones y experimentacio-nes científicas, en las cuales los estudiantes deben aprender a trabajar de manera responsable y colaborativa', '. • Promover el apagado o suspensión de componentes inactivos cuando sea técnicamente posible. • Explicar consumo energético de sensores, motores y comunicaciones. • Favorecer piezas reparables y reemplazables. • Reutilizar material didáctico y componentes electrónicos. • Relacionar decisiones de ingeniería con impacto ambiental. 22. Inclusión, accesibilidad y enfoque de género El diseño de actividades debe favorecer participación equitativa y evitar que roles técnicos queden asignados de manera estereotipada. La accesibilidad debe considerarse tanto en materiales impresos como en interfaces digitales y dinámicas de trabajo. Área Recomendación Roles de equipo Rotar programación, construcción, registro, prueba y explicación', '. En este punto, se promueve que los estudiantes desarrollen una adecuada vinculación con la naturaleza. En particular, que exploren e investiguen el entorno natural con una actitud de respeto y responsa-bilidad por el medioambiente, que reconozcan los efec- tos de la actividad humana sobre este, que aprendan las distintas posibilidades que ofrece el desarrollo produc-tivo sustentable y que construyan una visión reflexiva y crítica frente a las medidas de protección existentes en la actualidad. Ciencias de la vida En este eje, se espera que los estudiantes se aproxi-men a los conceptos de energía y materia, con especial énfasis en sus múltiples efectos y transformaciones', '. Arquitectura computacional y comunicaciones 11. Entornos de programación 12. Programación tangible y tablero 13. Programación visual con bloques 14. Programación textual 15. Recursos didácticos y cuadernillos 16. Narrativas y experiencias educativas 17. Juego KODARA 18. NeuroCOODI 19. COODIBOT 20. Evaluación y analítica educativa 21. Sostenibilidad y tecnología verde 22. Inclusión, accesibilidad y enfoque de género 23. Privacidad, seguridad y ética 24. Guía de uso docente 25. Operación, mantenimiento y seguridad física 26. Casos de uso 27. Limitaciones y alcance', '. 23.3 IA responsable • No presentar inferencias afectivas como lecturas infalibles del estado emocional. • Documentar limitaciones y posibles sesgos de modelos. • Evitar decisiones de alto impacto basadas únicamente en una salida automática. • Proporcionar supervisión humana en contextos educativos sensibles. • Distinguir entre demostración educativa, investigación y uso operativo. 24. Guía de uso docente 24.1 Antes de la actividad 1. Definir el objetivo de aprendizaje. 2. Seleccionar el desafío y nivel de programación. 3. Comprobar carga, sensores, motores y comunicación. 4. Preparar tablero, tarjetas y materiales. 5. Formar equipos y asignar roles rotativos. 6. Explicar reglas de seguridad y uso. 24.2 Durante la actividad 1. Presentar la narrativa. 2', 'COODI | Documentación integral para corpus RAG Página 14 20.1 Diseño pre/post Cuando se realicen estudios de intervención, pueden utilizarse instrumentos pre/post y registros de actividad. Los datos de niños deben manejarse mediante protocolos éticos, minimización de datos, consentimiento de responsables y asentimiento cuando corres ponda. 21. Sostenibilidad y tecnología verde COODI incorpora sostenibilidad tanto como tema educativo como criterio de uso responsable de la tecnología. Las narrativas pueden abordar cambio climático, variables ambientales y decisiones de consumo energético. • Utilizar sensores ambientales para observar condiciones del entorno. • Promover el apagado o suspensión de componentes inactivos cuando sea técnicamente posible', '.) ú cuidar el patrimonio y el medioambiente 15 Identificar la labor que cumplen en beneficio de la comunidad servicios como los medios de transporte y de comunicación y el mercado, y algunas institucio-nes encargadas de proteger nuestro patrimonio cultural y natural. 16 Practicar y proponer acciones para cuidar y respetar los espacios públicos den-tro y fuera de la escuela (como baños, patios, salas de clase, plazas, parques, playas y calles, entre otros), reconociendo que pertenecen y benefician a todos y que, por lo tanto, su cuidado es responsabilidad de todos los miembros de la comunidad.', '. h. Conocer y valorar el entorno natural y sus recursos como contexto de desarrollo humano y tener hábitos de cuidado del medioambiente. i. Aplicar habilidades básicas y actitudes de investigación científica, para conocer y comprender algunos procesos y fenómenos fundamentales del mundo natural y de aplicaciones tecnológi-cas de uso corriente. j. Conocer y apreciar expresiones artísticas de acuerdo a la edad y expresarse a través de la músi-ca y las artes visuales.Antecedentes', 'Ciencias Naturales75 Integración de las habilidades PrOCESO dE INvEstIGACIÓN CIENtífICA OBjETIVO dE APrENdIzA jE 2º B áSICOACTIVId AdES Explorar, observar y formular inferencias y predicciones, en forma guiada, sobre objetos y eventos del entorno. Explorar y experimentar, en forma guiada, con elementos del entorno: ú a partir de preguntas dadas ú en forma individual y colectiva ú utilizando la observación, la manipulación y la clasificación de materiales simples Observar, medir y registrar los datos cuidadosamente con uni-dades no estandarizadas. Seguir las instrucciones para utilizar los materiales e instru- mentos en forma segura', '. 4 Describir la importancia de las plantas para los seres vivos, el ser humano y el medioambiente (por ejemplo: alimentación, aire para respirar, productos deri-vados, ornamentación, uso medicinal), proponiendo y comunicando medidas de cuidado. 5 Explicar la importancia de usar adecuadamente los recursos, proponiendo ac-ciones y construyendo instrumentos tecnológicos para reutilizarlos, reducirlos y reciclarlos en la casa y en la escuela. CUERpo hUmANo Y sALUD 6 Clasificar los alimentos, distinguiendo sus efectos sobre la salud, y proponer hábitos alimenticios saludables. 7 Proponer, comunicar y ejercitar buenas prácticas de higiene en la manipula-ción de alimentos para prevenir enfermedades']","- Concepto Clave: Sensor ambiental para observar condiciones del entorno.
- Pasos: 
  1. Selecciona un sensor ambiental adecuado.
  2. Conéctalo a la plataforma de programación.
  3. Programa la recolección de datos ambientales.
  4. Analiza los datos obtenidos en grupo.
- OA Vinculado: OA 21. Sostenibilidad y tecnología verde: Uso de tecnología para abordar variables ambientales.
- Verificación: Comprobar que el sensor recolecta datos y que los estudiantes pueden interpretarlos correctamente.",Se usa el sensor DHT22 (temperatura/humedad) y se relaciona con el cuadernillo o narrativa asociada a la misión ambiental.,0.5454545454545454,0.5279316429004982,1.0,0.0,T13,Soporte Tecnico
¿Cómo puede COODI recibir comandos o validar una actividad sin usar programación por bloques?,"['COODI | Documentación integral para corpus RAG Página 10 • Secuenciación. • Predicción de resultados. • Trabajo colaborativo. • Depuración de instrucciones. 13. Programación visual con bloques El entorno visual se concibe como una aplicación web basada en Angular y Blockly. El estudiante construye programas mediante bloques que posteriormente se transforman en código o comandos compatibles con la arquitectura del robot. 13.1 Conceptos que puede representar • Secuencias de movimiento. • Condiciones basadas en sensores. • Ciclos o repeticiones. • Variables. • Eventos. • Funciones o procedimientos. • Acciones de motores, LEDs, buzzer y otros actuadores. 13.2 Generación de código El generador de código debe conservar correspondencia explícita entre bloque y comportamiento del robot', '. coodi_pedagogy NDCC, funciones ejecutivas, pensamiento computacional, evaluación. coodi_hardware Arquitectura física, electrónica, sensores y actuadores. coodi_software Firmware, bloques, programación textual, comunicación y servicios. coodi_activities Cuadernillos, narrativas, talleres, misiones y KODARA. coodi_assessment NeuroCOODI, instrumentos, registros y analítica. coodi_governance Privacidad, ética, seguridad, accesibilidad, mantenimiento. coodi_faq Preguntas frecuentes y respuestas canónicas. 28.1 Audiencias sugeridas • estudiante • docente • facilitador • desarrollador • investigador • apoderado • administrador 29. Estrategia de chunking y metadatos 29.1 Chunking semántico No se recomienda fragmentar únicamente por número fijo de caracteres', '. • Entorno de programación visual basado en bloques. • Programación textual para niveles de mayor complejidad. • Tablero de actividades y navegación. • Cuadernillos narrativos con desafíos STEM+IA. • NeuroCOODI para evaluación cognitiva y funciones ejecutivas. • COODIBOT como componente conversacional complementario. • Recursos de apoyo docente, instrumentos y materiales de evaluación. 3. Público objetivo y contextos de uso COODI está dirigido principalmente a estudiantes de educación básica. Las actividades se han concebido para rangos aproximados de 7 a 12 años, con adaptaciones que pueden extenderse a niveles entre 3.º y 8.º básico según la complejidad de la experiencia', '. COODIBOT Componente conversacional del ecosistema COODI. Depuración Proceso de identificar y corregir errores en un programa o solución. Funciones ejecutivas Procesos cognitivos de control como planificación, memoria de trabajo, inhibición y flexibilidad. HC-SR04 Sensor ultrasónico utilizado para medir distancia. IA Inteligencia Artificial; sistemas capaces de realizar tareas como clasificación, predicción o reconocimiento de patrones a partir de reglas o datos. KODARA Propuesta lúdica de Código, Descubrir y Razonar asociada al ecosistema. NDCC Modelo: Narrativa, Desafío, Construcción, Programación colaborativa, Prueba y Reflexión. NeuroCOODI Plataforma complementaria de evaluación cognitiva escolar', '. Patrones e IA Observar pistas y discutir cómo un algoritmo puede identificar regularidades. Material narrativo, sensores o datos de ejemplo. Funciones ejecutivas Planificar, ejecutar, detectar error y cambiar estrategia. NDCC, tablero, robot, instrumentos de observación. Programación progresiva Resolver una misma misión primero con tarjetas, luego bloques y finalmente código. Tres entornos de programación. 27. Limitaciones y alcance • COODI es un ecosistema educativo y de investigación; no reemplaza instrumentos clínicos ni diagnósticos. • La configuración de hardware puede variar entre versiones; las respuestas técnicas deben indicar versión y estado', '. Etapa Propósito Ejemplo con COODI Narrativa Contextualizar la experiencia y generar motivación. COODI debe completar una misión en Marte o resolver una situación ambiental. Desafío Definir el problema o meta a alcanzar. Llegar a una zona del tablero evitando obstáculos. Construcción Preparar materiales, recorrido o componentes requeridos. Ubicar tarjetas, obstáculos, sensores o elementos del escenario. Programación colaborativa Diseñar en equipo la secuencia o algoritmo. Seleccionar movimientos, condiciones o bloques. Prueba Ejecutar el programa y observar el comportamiento. COODI realiza el recorrido. Reflexión Analizar errores, estrategias, aprendizaje y alternativas. Comparar el resultado con la planificación y depurar el algoritmo. 4', '. • Usar rondas de prueba y depuración para observar adaptación de la estrategia. 6. Pensamiento computacional Habilidad Aplicación en COODI Descomposición Dividir una misión en movimientos, decisiones o subproblemas. Reconocimiento de patrones Detectar regularidades en recorridos, datos de sensores o comportamientos. Abstracción Identificar información relevante y descartar detalles que no afectan la solución. Algoritmos Crear una secuencia ordenada y reproducible de instrucciones. Evaluación Comparar el comportamiento obtenido con el comportamiento esperado. Depuración Localizar y corregir errores en la solución. La progresión de COODI facilita representar un mismo algoritmo en diferentes niveles: físicamente mediante tarjetas, visualmente mediante bloques y textualmente mediante código', '. Alta COODI -PED Funciones ejecutivas, pensamiento computacional y evaluación. Alta COODI -ACT Cuadernillos, talleres, desafíos y narrativas. Media COODI -PRIV Privacidad, ética, seguridad y datos infantiles. Media COODI -FAQ Preguntas canónicas para estudiantes, docentes y familias. Media COODI -OPS Instalación, mantenimiento y solución de problemas.', '.º y 8.º básico. ¿COODI necesita Internet? Las actividades fundamentales pueden diseñarse para funcionar sin conexión permanente. Algunos servicios complementarios pueden requerir conectividad. ¿Qué formas de programación utiliza? Programación tangible, visual mediante bloques y textual mediante Arduino/C++ u otras herramientas compatibles. ¿Qué es NDCC? Es la secuencia Narrativa → Desafío → Construcción → Programación colaborativa → Prueba → Reflexión. ¿Qué funciones ejecutivas se trabajan? Planificación, memoria de trabajo, control inhibitorio y flexibilidad cognitiva.', 'COODI | Documentación integral para corpus RAG Página 6 5. Funciones ejecutivas Las actividades con COODI pueden diseñarse para estimular procesos asociados a las funciones ejecutivas. COODI no se presenta como instrumento clínico; su uso se sitúa en experiencias educativas y, cuando corresponde, en evaluación investigativa con instru mentos definidos. Función ejecutiva Manifestación en una actividad COODI Ejemplo de evidencia observable Planificación Definir pasos antes de ejecutar. El estudiante anticipa la ruta y ordena comandos. Memoria de trabajo Mantener y manipular información relevante. Recuerda posición, meta y reglas mientras ajusta la secuencia. Control inhibitorio Evitar una respuesta impulsiva y comprobar antes de ejecutar. Revisa el algoritmo en lugar de iniciar de inmediato']","- Concepto Clave: COODI puede recibir comandos mediante programación textual, utilizando lenguajes como Arduino/C++.
- Pasos: 
  1. Escribe el código en un entorno de programación compatible.
  2. Conecta el robot a la computadora.
  3. Carga el código en el robot.
  4. Ejecuta el programa y observa el comportamiento.
- OA Vinculado: COODI -software: Programación textual para niveles de mayor complejidad.
- Verificación: Comprueba que el robot realice las acciones esperadas según el código cargado.","Mediante el sensor infrarrojo (control IR), que permite recepción de comandos o validación de desafíos (implementado en actividades).",0.625,0.6901549241675183,0.0,0.19999999998,T14,Soporte Tecnico
¿Qué usa COODI para el control remoto o la validación de desafíos?,"['COODI | Documentación integral para corpus RAG Página 13 18.2 Pruebas consideradas Prueba Variable o proceso de interés Stroop Control inhibitorio, precisión y tiempos de respuesta. Trail Making Secuenciación, atención, velocidad y errores. Wisconsin Card Sorting Flexibilidad cognitiva y cambio de regla. N-back Memoria de trabajo. Alcance. NeuroCOODI debe presentarse como herramienta educativa/investigativa y no como sistema de diagnóstico clínico. 19. COODIBOT COODIBOT es el componente conversacional del ecosistema. Su función puede incluir orientación, respuestas sobre actividades o apoyo a la interacción con recursos educativos. Las implementaciones han considerado un back -end Flask y servicios de modelos de l enguaje. 19', '. COODIBOT Componente conversacional del ecosistema COODI. Depuración Proceso de identificar y corregir errores en un programa o solución. Funciones ejecutivas Procesos cognitivos de control como planificación, memoria de trabajo, inhibición y flexibilidad. HC-SR04 Sensor ultrasónico utilizado para medir distancia. IA Inteligencia Artificial; sistemas capaces de realizar tareas como clasificación, predicción o reconocimiento de patrones a partir de reglas o datos. KODARA Propuesta lúdica de Código, Descubrir y Razonar asociada al ecosistema. NDCC Modelo: Narrativa, Desafío, Construcción, Programación colaborativa, Prueba y Reflexión. NeuroCOODI Plataforma complementaria de evaluación cognitiva escolar', '..."" } Anexo C. Preguntas de validación del RAG • ¿Qué es COODI y cuál es su propósito educativo? • ¿Qué significa COnecta, Observa, Descompone e Innova? • ¿Cuáles son las etapas del modelo NDCC? • ¿Qué funciones ejecutivas busca trabajar COODI? • ¿Qué formas de programación ofrece el ecosistema? • ¿Qué sensor utiliza COODI para medir distancia? • ¿RFID está implementado o planificado? • ¿COODI necesita conexión a Internet para funcionar? • ¿Qué diferencia existe entre COODI y NeuroCOODI? • ¿Qué es COODIBOT? • ¿Cómo debe explicarse la inferencia de emociones mediante IA a niños? • ¿Qué medidas de privacidad se recomiendan cuando se trabaja con datos infantiles?', 'COODI | Documentación integral para corpus RAG Página 20 32. Ficha maestra de especificaciones Área Especificación consolidada Estado Identidad COODI = COnecta, Observa, Descompone, Innova. Vigente Público Educación básica; foco aproximado 7 –12 años; adaptable 3.º –8.º básico. Vigente Metodología NDCC: Narrativa → Desafío → Construcción → Programación colaborativa → Prueba → Reflexión. Vigente Programación Tangible, visual y textual. Vigente Control inicial Arduino UNO. Implementado Control ampliado ESP32 -WROOM -32 / Raspberry Pi Zero 2W según módulo. Prototipo/planificado Distancia HC-SR04. Implementado Movimiento 2 motores DC y servomotor SG90 según configuración. Implementado/prototipo Salida Buzzer y LED RGB/matriz RGB según versión. Implementado Ambiente DHT22', '. Etapa Propósito Ejemplo con COODI Narrativa Contextualizar la experiencia y generar motivación. COODI debe completar una misión en Marte o resolver una situación ambiental. Desafío Definir el problema o meta a alcanzar. Llegar a una zona del tablero evitando obstáculos. Construcción Preparar materiales, recorrido o componentes requeridos. Ubicar tarjetas, obstáculos, sensores o elementos del escenario. Programación colaborativa Diseñar en equipo la secuencia o algoritmo. Seleccionar movimientos, condiciones o bloques. Prueba Ejecutar el programa y observar el comportamiento. COODI realiza el recorrido. Reflexión Analizar errores, estrategias, aprendizaje y alternativas. Comparar el resultado con la planificación y depurar el algoritmo. 4', '. Alta COODI -PED Funciones ejecutivas, pensamiento computacional y evaluación. Alta COODI -ACT Cuadernillos, talleres, desafíos y narrativas. Media COODI -PRIV Privacidad, ética, seguridad y datos infantiles. Media COODI -FAQ Preguntas canónicas para estudiantes, docentes y familias. Media COODI -OPS Instalación, mantenimiento y solución de problemas.', '. 18. NeuroCOODI NeuroCOODI es un componente complementario orientado a evaluación cognitiva escolar vinculada con funciones ejecutivas en experiencias de robótica educativa. Su propósito es apoyar diseños pre/post y registrar resultados de instrumentos definidos. 18.1 Arquitectura de software Capa Tecnología / función Front -end Angular; registro de participante, navegación por instrumentos y visualización de resultados. Back -end Node.js y Express. Base de datos MySQL. Autenticación JWT en configuraciones del prototipo. Datos principales Participantes, sesiones, fase pre/post y resultados cognitivos.', '. Patrones e IA Observar pistas y discutir cómo un algoritmo puede identificar regularidades. Material narrativo, sensores o datos de ejemplo. Funciones ejecutivas Planificar, ejecutar, detectar error y cambiar estrategia. NDCC, tablero, robot, instrumentos de observación. Programación progresiva Resolver una misma misión primero con tarjetas, luego bloques y finalmente código. Tres entornos de programación. 27. Limitaciones y alcance • COODI es un ecosistema educativo y de investigación; no reemplaza instrumentos clínicos ni diagnósticos. • La configuración de hardware puede variar entre versiones; las respuestas técnicas deben indicar versión y estado', 'COODI | Documentación integral para corpus RAG Página 6 5. Funciones ejecutivas Las actividades con COODI pueden diseñarse para estimular procesos asociados a las funciones ejecutivas. COODI no se presenta como instrumento clínico; su uso se sitúa en experiencias educativas y, cuando corresponde, en evaluación investigativa con instru mentos definidos. Función ejecutiva Manifestación en una actividad COODI Ejemplo de evidencia observable Planificación Definir pasos antes de ejecutar. El estudiante anticipa la ruta y ordena comandos. Memoria de trabajo Mantener y manipular información relevante. Recuerda posición, meta y reglas mientras ajusta la secuencia. Control inhibitorio Evitar una respuesta impulsiva y comprobar antes de ejecutar. Revisa el algoritmo en lugar de iniciar de inmediato', 'COODI | Documentación integral para corpus RAG Página 8 • Modularidad para agregar sensores o interfaces. • Mantenimiento comprensible para docentes o facilitadores técnicos. 9. Electrónica, sensores y actuadores Componente Función Estado Uso educativo posible HC-SR04 Medición de distancia mediante ultrasonido. Implementado Obstáculos, navegación y condicionales. Motores DC amarillos (2) Desplazamiento del robot. Implementado Secuencias, trayectorias y control de movimiento. Servomotor SG90 Movimiento angular controlado. Implementado/prototipo Mecanismos, orientación o expresividad. Buzzer Salida sonora. Implementado Eventos, confirmación y retroalimentación. LED RGB / matriz RGB Salida visual mediante color o patrones']","- Concepto Clave: COODI utiliza motores DC y servomotores para el control de movimiento y la navegación.
- Pasos: 
  1. Conecta los motores DC y servomotores al controlador.
  2. Programa las secuencias de movimiento necesarias.
  3. Ejecuta el programa para validar el desafío.
- OA Vinculado: OA 18.2 - Pruebas consideradas: Control inhibitorio, precisión y tiempos de respuesta.
- Verificación: Observa si COODI se desplaza correctamente y cumple con los desafíos programados.",El sensor infrarrojo / control IR.,0.8571428571428571,0.5555058687303446,0.0,0.0,T15,Soporte Tecnico
¿COODI puede identificar tarjetas automáticamente usando RFID?,"['. • Elementos magnéticos o manipulativos según la actividad. • Validación mediante control infrarrojo en experiencias implementadas. • Integración RFID considerada como ampliación para identificación automática de tarjetas. 12.2 Competencias asociadas • Planificación de rutas. • Orientación espacial.', 'COODI | Documentación integral para corpus RAG Página 22 Anexo A. Plantilla de metadatos por documento Campo Ejemplo id COODI -07 titulo Sensores y actuadores de COODI categoria hardware subcategoria sensores audiencia docente; estudiante; desarrollador nivel_educativo educacion_basica edad_recomendada 7-12 version 1.0 estado_documento vigente estado_funcional implemented / prototype / planned fecha_actualizacion 2026 -08-25 keywords sensor; ultrasonido; RFID; motores; servo source_type documentacion_oficial Anexo B', 'COODI | Documentación integral para corpus RAG Página 19 ¿COODI utiliza Inteligencia Artificial? El ecosistema incorpora contenidos y líneas de desarrollo vinculadas con IA. Cada función de IA debe documentarse según el módulo y su estado de implementación. ¿COODI reconoce emociones? Los materiales pueden enseñar cómo la IA usa pistas y patrones para estimar estados, pero no debe afirmarse que la máquina comprende emociones como una persona. Cualquier módulo afectivo debe describirse específicamente. ¿Qué sensor utiliza para distancia? El HC -SR04 se utiliza para medir distancia mediante ultrasonido en configuraciones del robot', 'COODI | Documentación integral para corpus RAG Página 13 18.2 Pruebas consideradas Prueba Variable o proceso de interés Stroop Control inhibitorio, precisión y tiempos de respuesta. Trail Making Secuenciación, atención, velocidad y errores. Wisconsin Card Sorting Flexibilidad cognitiva y cambio de regla. N-back Memoria de trabajo. Alcance. NeuroCOODI debe presentarse como herramienta educativa/investigativa y no como sistema de diagnóstico clínico. 19. COODIBOT COODIBOT es el componente conversacional del ecosistema. Su función puede incluir orientación, respuestas sobre actividades o apoyo a la interacción con recursos educativos. Las implementaciones han considerado un back -end Flask y servicios de modelos de l enguaje. 19', 'COODI | Documentación integral para corpus RAG Página 15 • Control de acceso: limitar el acceso a personal autorizado. • Seguridad: cifrado, respaldo controlado y gestión de credenciales según el entorno de despliegue. • Eliminación: establecer procedimientos para borrar datos al finalizar su finalidad o plazo de retención. 23.2 Datos de imagen, voz o biométricos Si una investigación incorpora cámara, audio, reconocimiento facial, inferencia emocional o datos fisiológicos, debe tratar estos datos como altamente sensibles. Se requiere justificar su necesidad, limitar su captura, aplicar controles de acceso y describ ir claramente almacenamiento, anonimización, retención y uso secundario. 23.3 IA responsable • No presentar inferencias afectivas como lecturas infalibles del estado emocional', '. NeuroCOODI Plataforma complementaria de evaluación cognitiva escolar. Pensamiento computacional Conjunto de estrategias para formular y resolver problemas mediante descomposición, patrones, abstracción, algoritmos y depuración. RAG Retrieval -Augmented Generation; arquitectura que recupera información de una base documental antes de generar una respuesta. RFID Tecnología de identificación por radiofrecuencia considerada para reconocer tarjetas u objetos. Sensor Componente que obtiene información del entorno y la transforma en una señal o dato. STEM Integración de ciencia, tecnología, ingeniería y matemática.', '. COODIBOT Componente conversacional del ecosistema COODI. Depuración Proceso de identificar y corregir errores en un programa o solución. Funciones ejecutivas Procesos cognitivos de control como planificación, memoria de trabajo, inhibición y flexibilidad. HC-SR04 Sensor ultrasónico utilizado para medir distancia. IA Inteligencia Artificial; sistemas capaces de realizar tareas como clasificación, predicción o reconocimiento de patrones a partir de reglas o datos. KODARA Propuesta lúdica de Código, Descubrir y Razonar asociada al ecosistema. NDCC Modelo: Narrativa, Desafío, Construcción, Programación colaborativa, Prueba y Reflexión. NeuroCOODI Plataforma complementaria de evaluación cognitiva escolar', 'COODI | Documentación integral para corpus RAG Página 20 32. Ficha maestra de especificaciones Área Especificación consolidada Estado Identidad COODI = COnecta, Observa, Descompone, Innova. Vigente Público Educación básica; foco aproximado 7 –12 años; adaptable 3.º –8.º básico. Vigente Metodología NDCC: Narrativa → Desafío → Construcción → Programación colaborativa → Prueba → Reflexión. Vigente Programación Tangible, visual y textual. Vigente Control inicial Arduino UNO. Implementado Control ampliado ESP32 -WROOM -32 / Raspberry Pi Zero 2W según módulo. Prototipo/planificado Distancia HC-SR04. Implementado Movimiento 2 motores DC y servomotor SG90 según configuración. Implementado/prototipo Salida Buzzer y LED RGB/matriz RGB según versión. Implementado Ambiente DHT22', 'COODI | Documentación integral para corpus RAG Página 4 Principio Descripción Accesibilidad tecnológica Se priorizan componentes de bajo costo y herramientas abiertas o ampliamente disponibles. Funcionamiento local Las actividades centrales pueden realizarse sin dependencia permanente de Internet. Modularidad Hardware, software y recursos pedagógicos pueden ampliarse sin redefinir todo el ecosistema. 2. Ecosistema y componentes COODI se organiza en una dimensión física, una dimensión computacional y una dimensión pedagógica. La integración de estas dimensiones permite que el robot actúe como medio para el aprendizaje y no únicamente como artefacto tecnológico. Dimensión Componentes principales Función Física Robot COODI, tablero, tarjetas, sensores, actuadores, material manipulativo', '. Patrones e IA Observar pistas y discutir cómo un algoritmo puede identificar regularidades. Material narrativo, sensores o datos de ejemplo. Funciones ejecutivas Planificar, ejecutar, detectar error y cambiar estrategia. NDCC, tablero, robot, instrumentos de observación. Programación progresiva Resolver una misma misión primero con tarjetas, luego bloques y finalmente código. Tres entornos de programación. 27. Limitaciones y alcance • COODI es un ecosistema educativo y de investigación; no reemplaza instrumentos clínicos ni diagnósticos. • La configuración de hardware puede variar entre versiones; las respuestas técnicas deben indicar versión y estado']","- Concepto Clave: RFID (Identificación por Radiofrecuencia) permite la identificación automática de tarjetas u objetos.
- Pasos: 
  1. Configura el lector RFID en el sistema COODI.
  2. Asocia las tarjetas RFID con los objetos o datos correspondientes.
  3. Realiza pruebas de lectura con las tarjetas en el rango del lector.
- OA Vinculado: OA 12.2 - Competencias asociadas: Planificación de rutas y orientación espacial.
- Verificación: Comprueba que el sistema reconozca las tarjetas al acercarlas al lector y que muestre la información correcta asociada.","Actualmente no: el RFID está en estado ""planificado"" para identificación automática de tarjetas u objetos, no implementado todavía. Hoy la identificación de tarjetas es manual/visual.",0.2857142857142857,0.630848764239708,0.5,0.5972222222102778,T16,Soporte Tecnico
¿Qué sensor usa COODI para medir su orientación y movimiento con una IMU?,"['COODI | Documentación integral para corpus RAG Página 19 ¿COODI utiliza Inteligencia Artificial? El ecosistema incorpora contenidos y líneas de desarrollo vinculadas con IA. Cada función de IA debe documentarse según el módulo y su estado de implementación. ¿COODI reconoce emociones? Los materiales pueden enseñar cómo la IA usa pistas y patrones para estimar estados, pero no debe afirmarse que la máquina comprende emociones como una persona. Cualquier módulo afectivo debe describirse específicamente. ¿Qué sensor utiliza para distancia? El HC -SR04 se utiliza para medir distancia mediante ultrasonido en configuraciones del robot', 'COODI | Documentación integral para corpus RAG Página 8 • Modularidad para agregar sensores o interfaces. • Mantenimiento comprensible para docentes o facilitadores técnicos. 9. Electrónica, sensores y actuadores Componente Función Estado Uso educativo posible HC-SR04 Medición de distancia mediante ultrasonido. Implementado Obstáculos, navegación y condicionales. Motores DC amarillos (2) Desplazamiento del robot. Implementado Secuencias, trayectorias y control de movimiento. Servomotor SG90 Movimiento angular controlado. Implementado/prototipo Mecanismos, orientación o expresividad. Buzzer Salida sonora. Implementado Eventos, confirmación y retroalimentación. LED RGB / matriz RGB Salida visual mediante color o patrones', '. ¿Qué sensor utiliza para distancia? El HC -SR04 se utiliza para medir distancia mediante ultrasonido en configuraciones del robot. ¿Qué es NeuroCOODI? Es un componente complementario para evaluación cognitiva escolar e investigación de funciones ejecutivas, con pruebas como Stroop, Trail Making, Wisconsin Card Sorting y N -back. 31. Glosario Término Definición Actuador Componente que produce una acción física o perceptible, como un motor, servo, LED o buzzer. Algoritmo Secuencia ordenada de instrucciones para resolver un problema o realizar una tarea. Blockly Biblioteca para construir interfaces de programación visual basadas en bloques. COODIBOT Componente conversacional del ecosistema COODI. Depuración Proceso de identificar y corregir errores en un programa o solución', 'COODI | Documentación integral para corpus RAG Página 22 Anexo A. Plantilla de metadatos por documento Campo Ejemplo id COODI -07 titulo Sensores y actuadores de COODI categoria hardware subcategoria sensores audiencia docente; estudiante; desarrollador nivel_educativo educacion_basica edad_recomendada 7-12 version 1.0 estado_documento vigente estado_funcional implemented / prototype / planned fecha_actualizacion 2026 -08-25 keywords sensor; ultrasonido; RFID; motores; servo source_type documentacion_oficial Anexo B', '. Implementado/prototipo Salida Buzzer y LED RGB/matriz RGB según versión. Implementado Ambiente DHT22. Implementado/prototipo IR Control/recepción infrarroja para validación de actividades. Implementado RFID Identificación automática de tarjetas/objetos. Planificado IMU Orientación y movimiento. Planificado Tablero 6 × 6 con Inicio/Fin y comandos de navegación. Implementado en actividades Software visual Angular + Blockly. Prototipo/implementado según versión Texto Arduino/C++. Vigente Evaluación NeuroCOODI: Angular + Node/Express + MySQL; Stroop, Trail Making, Wisconsin, N -back. Prototipo Chatbot COODIBOT con back -end Flask y arquitectura compatible con RAG. Prototipo Conectividad Núcleo educativo offline; servicios complementarios pueden usar red. Principio vigente 33', '. COODIBOT Componente conversacional del ecosistema COODI. Depuración Proceso de identificar y corregir errores en un programa o solución. Funciones ejecutivas Procesos cognitivos de control como planificación, memoria de trabajo, inhibición y flexibilidad. HC-SR04 Sensor ultrasónico utilizado para medir distancia. IA Inteligencia Artificial; sistemas capaces de realizar tareas como clasificación, predicción o reconocimiento de patrones a partir de reglas o datos. KODARA Propuesta lúdica de Código, Descubrir y Razonar asociada al ecosistema. NDCC Modelo: Narrativa, Desafío, Construcción, Programación colaborativa, Prueba y Reflexión. NeuroCOODI Plataforma complementaria de evaluación cognitiva escolar', 'COODI | Documentación integral para corpus RAG Página 20 32. Ficha maestra de especificaciones Área Especificación consolidada Estado Identidad COODI = COnecta, Observa, Descompone, Innova. Vigente Público Educación básica; foco aproximado 7 –12 años; adaptable 3.º –8.º básico. Vigente Metodología NDCC: Narrativa → Desafío → Construcción → Programación colaborativa → Prueba → Reflexión. Vigente Programación Tangible, visual y textual. Vigente Control inicial Arduino UNO. Implementado Control ampliado ESP32 -WROOM -32 / Raspberry Pi Zero 2W según módulo. Prototipo/planificado Distancia HC-SR04. Implementado Movimiento 2 motores DC y servomotor SG90 según configuración. Implementado/prototipo Salida Buzzer y LED RGB/matriz RGB según versión. Implementado Ambiente DHT22', '. Regla conceptual para materiales infantiles. Evitar expresiones que atribuyan comprensión humana al sistema. Es preferible decir “la IA identifica pistas o patrones y estima qué podría estar ocurriendo” en lugar de “la IA sabe cómo se siente una persona”. 7.3 Datos, patrones y sensores COODI puede introducir la idea de que los sensores producen datos y que un algoritmo puede utilizar esos datos para reconocer condiciones o patrones. Esto permite diferenciar percepción, procesamiento y acción. 8. Arquitectura física del robot El diseño de COODI prioriza fabricación accesible, estructura reproducible mediante impresión 3D y componentes electrónicos de bajo costo. El detalle físico puede evolucionar entre versiones, por lo que el RAG debe asociar cada especificación a una versión y estado', '. Buzzer Salida sonora. Implementado Eventos, confirmación y retroalimentación. LED RGB / matriz RGB Salida visual mediante color o patrones. Implementado según versión Estados, retroalimentación y codificación visual. DHT22 Temperatura y humedad. Implementado/prototipo según actividad STEM ambiental y adquisición de datos. Sensor infrarrojo / control IR Recepción de comandos o validación. Implementado en actividades Interacción y validación de desafíos. RFID Identificación de tarjetas u objetos. Planificado Programación tangible y reconocimiento de elementos. IMU Movimiento y orientación. Planificado Estimación de movimiento y actividades de física. OLED Visualización local. Limitado en Arduino UNO / sujeto a arquitectura Mensajes o estados del sistema. 9', '. OLED Visualización local. Limitado en Arduino UNO / sujeto a arquitectura Mensajes o estados del sistema. 9.1 Uso de sensores Los sensores deben introducirse pedagógicamente mediante la secuencia “variable física → dato → regla o algoritmo → acción”. Por ejemplo, el HC -SR04 mide una distancia; el programa compara ese valor con un umbral; si el objeto está cerca, COODI puede deten erse o modificar su recorrido. 9.2 Uso de actuadores Motores, servos, LEDs y buzzer son actuadores porque producen una respuesta física o perceptible. Su uso permite que los estudiantes observen inmediatamente el efecto de un algoritmo. 10. Arquitectura computacional y comunicaciones 10']","- Concepto Clave: IMU (Unidad de Medida Inercial) es un sensor que estima el movimiento y la orientación de un objeto.
- Pasos: 1. Identifica el módulo IMU en el robot COODI. 2. Conecta el IMU a la placa controladora. 3. Programa el algoritmo para leer datos del IMU. 4. Realiza pruebas de movimiento y orientación.
- OA Vinculado: OA-IMU-01: ""Uso de IMU para estimar movimiento y orientación en robótica educativa"".
- Verificación: Comprueba que el robot responda correctamente a cambios de orientación y movimiento según los datos del IMU.","La IMU está en estado ""planificado"" (no implementada) para estimación de movimiento y orientación; no debe presentarse como una capacidad disponible hoy.",0.2857142857142857,0.6252649973324995,0.5,0.21111111110055555,T17,Soporte Tecnico
¿Puedo usar COODI hoy para hacer actividades de identificación automática de tarjetas con RFID?,"['. • Elementos magnéticos o manipulativos según la actividad. • Validación mediante control infrarrojo en experiencias implementadas. • Integración RFID considerada como ampliación para identificación automática de tarjetas. 12.2 Competencias asociadas • Planificación de rutas. • Orientación espacial.', 'COODI | Documentación integral para corpus RAG Página 22 Anexo A. Plantilla de metadatos por documento Campo Ejemplo id COODI -07 titulo Sensores y actuadores de COODI categoria hardware subcategoria sensores audiencia docente; estudiante; desarrollador nivel_educativo educacion_basica edad_recomendada 7-12 version 1.0 estado_documento vigente estado_funcional implemented / prototype / planned fecha_actualizacion 2026 -08-25 keywords sensor; ultrasonido; RFID; motores; servo source_type documentacion_oficial Anexo B', '. NeuroCOODI Plataforma complementaria de evaluación cognitiva escolar. Pensamiento computacional Conjunto de estrategias para formular y resolver problemas mediante descomposición, patrones, abstracción, algoritmos y depuración. RAG Retrieval -Augmented Generation; arquitectura que recupera información de una base documental antes de generar una respuesta. RFID Tecnología de identificación por radiofrecuencia considerada para reconocer tarjetas u objetos. Sensor Componente que obtiene información del entorno y la transforma en una señal o dato. STEM Integración de ciencia, tecnología, ingeniería y matemática.', 'COODI | Documentación integral para corpus RAG Página 15 • Control de acceso: limitar el acceso a personal autorizado. • Seguridad: cifrado, respaldo controlado y gestión de credenciales según el entorno de despliegue. • Eliminación: establecer procedimientos para borrar datos al finalizar su finalidad o plazo de retención. 23.2 Datos de imagen, voz o biométricos Si una investigación incorpora cámara, audio, reconocimiento facial, inferencia emocional o datos fisiológicos, debe tratar estos datos como altamente sensibles. Se requiere justificar su necesidad, limitar su captura, aplicar controles de acceso y describ ir claramente almacenamiento, anonimización, retención y uso secundario. 23.3 IA responsable • No presentar inferencias afectivas como lecturas infalibles del estado emocional', '. COODIBOT Componente conversacional del ecosistema COODI. Depuración Proceso de identificar y corregir errores en un programa o solución. Funciones ejecutivas Procesos cognitivos de control como planificación, memoria de trabajo, inhibición y flexibilidad. HC-SR04 Sensor ultrasónico utilizado para medir distancia. IA Inteligencia Artificial; sistemas capaces de realizar tareas como clasificación, predicción o reconocimiento de patrones a partir de reglas o datos. KODARA Propuesta lúdica de Código, Descubrir y Razonar asociada al ecosistema. NDCC Modelo: Narrativa, Desafío, Construcción, Programación colaborativa, Prueba y Reflexión. NeuroCOODI Plataforma complementaria de evaluación cognitiva escolar', 'COODI | Documentación integral para corpus RAG Página 13 18.2 Pruebas consideradas Prueba Variable o proceso de interés Stroop Control inhibitorio, precisión y tiempos de respuesta. Trail Making Secuenciación, atención, velocidad y errores. Wisconsin Card Sorting Flexibilidad cognitiva y cambio de regla. N-back Memoria de trabajo. Alcance. NeuroCOODI debe presentarse como herramienta educativa/investigativa y no como sistema de diagnóstico clínico. 19. COODIBOT COODIBOT es el componente conversacional del ecosistema. Su función puede incluir orientación, respuestas sobre actividades o apoyo a la interacción con recursos educativos. Las implementaciones han considerado un back -end Flask y servicios de modelos de l enguaje. 19', 'COODI | Documentación integral para corpus RAG Página 19 ¿COODI utiliza Inteligencia Artificial? El ecosistema incorpora contenidos y líneas de desarrollo vinculadas con IA. Cada función de IA debe documentarse según el módulo y su estado de implementación. ¿COODI reconoce emociones? Los materiales pueden enseñar cómo la IA usa pistas y patrones para estimar estados, pero no debe afirmarse que la máquina comprende emociones como una persona. Cualquier módulo afectivo debe describirse específicamente. ¿Qué sensor utiliza para distancia? El HC -SR04 se utiliza para medir distancia mediante ultrasonido en configuraciones del robot', '. Patrones e IA Observar pistas y discutir cómo un algoritmo puede identificar regularidades. Material narrativo, sensores o datos de ejemplo. Funciones ejecutivas Planificar, ejecutar, detectar error y cambiar estrategia. NDCC, tablero, robot, instrumentos de observación. Programación progresiva Resolver una misma misión primero con tarjetas, luego bloques y finalmente código. Tres entornos de programación. 27. Limitaciones y alcance • COODI es un ecosistema educativo y de investigación; no reemplaza instrumentos clínicos ni diagnósticos. • La configuración de hardware puede variar entre versiones; las respuestas técnicas deben indicar versión y estado', 'COODI | Documentación integral para corpus RAG Página 4 Principio Descripción Accesibilidad tecnológica Se priorizan componentes de bajo costo y herramientas abiertas o ampliamente disponibles. Funcionamiento local Las actividades centrales pueden realizarse sin dependencia permanente de Internet. Modularidad Hardware, software y recursos pedagógicos pueden ampliarse sin redefinir todo el ecosistema. 2. Ecosistema y componentes COODI se organiza en una dimensión física, una dimensión computacional y una dimensión pedagógica. La integración de estas dimensiones permite que el robot actúe como medio para el aprendizaje y no únicamente como artefacto tecnológico. Dimensión Componentes principales Función Física Robot COODI, tablero, tarjetas, sensores, actuadores, material manipulativo', '..."" } Anexo C. Preguntas de validación del RAG • ¿Qué es COODI y cuál es su propósito educativo? • ¿Qué significa COnecta, Observa, Descompone e Innova? • ¿Cuáles son las etapas del modelo NDCC? • ¿Qué funciones ejecutivas busca trabajar COODI? • ¿Qué formas de programación ofrece el ecosistema? • ¿Qué sensor utiliza COODI para medir distancia? • ¿RFID está implementado o planificado? • ¿COODI necesita conexión a Internet para funcionar? • ¿Qué diferencia existe entre COODI y NeuroCOODI? • ¿Qué es COODIBOT? • ¿Cómo debe explicarse la inferencia de emociones mediante IA a niños? • ¿Qué medidas de privacidad se recomiendan cuando se trabaja con datos infantiles?']","- Concepto Clave: RFID permite la identificación automática de tarjetas u objetos mediante radiofrecuencia.
- Pasos: 1. Verifica que el módulo RFID esté implementado. 2. Conecta el hardware necesario. 3. Programa el robot para leer las tarjetas. 4. Realiza pruebas de identificación.
- OA Vinculado: OA 12.2 - Planificación de rutas y orientación espacial.
- Verificación: Comprueba que el robot reconozca las tarjetas y responda correctamente a su identificación.","No, el RFID todavía está en fase de planificación, no implementada. Se puede usar el tablero con tarjetas físicas de forma manual mientras tanto.",0.5,0.5245241914923443,0.0,0.799999999984,T18,Soporte Tecnico
¿Qué componentes de COODI todavía están en fase de planificación y no deben presentarse como disponibles?,"['COODI | Documentación integral para corpus RAG Página 4 Principio Descripción Accesibilidad tecnológica Se priorizan componentes de bajo costo y herramientas abiertas o ampliamente disponibles. Funcionamiento local Las actividades centrales pueden realizarse sin dependencia permanente de Internet. Modularidad Hardware, software y recursos pedagógicos pueden ampliarse sin redefinir todo el ecosistema. 2. Ecosistema y componentes COODI se organiza en una dimensión física, una dimensión computacional y una dimensión pedagógica. La integración de estas dimensiones permite que el robot actúe como medio para el aprendizaje y no únicamente como artefacto tecnológico. Dimensión Componentes principales Función Física Robot COODI, tablero, tarjetas, sensores, actuadores, material manipulativo', 'COODI | Documentación integral para corpus RAG Página 23 • ¿Qué componentes están implementados y cuáles siguen en prototipo o planificación?', '. Debe responderse indicando que está en fase de prototipo. Planificado Extensión prevista o línea de desarrollo aún no integrada de forma estable. No debe afirmarse como una capacidad disponible. Criterio de consistencia. Ante información contradictoria entre versiones de documentos, debe prevalecer la fuente con mayor versión y fecha, y conservarse el historial de cambios. Índice de contenidos 1. Identidad y propósito de COODI 2. Ecosistema y componentes 3. Público objetivo y contextos de uso 4. Modelo pedagógico NDCC 5. Funciones ejecutivas 6. Pensamiento computacional 7. STEM e Inteligencia Artificial 8. Arquitectura física del robot 9. Electrónica, sensores y actuadores 10. Arquitectura computacional y comunicaciones 11. Entornos de programación 12. Programación tangible y tablero 13', '. Etapa Propósito Ejemplo con COODI Narrativa Contextualizar la experiencia y generar motivación. COODI debe completar una misión en Marte o resolver una situación ambiental. Desafío Definir el problema o meta a alcanzar. Llegar a una zona del tablero evitando obstáculos. Construcción Preparar materiales, recorrido o componentes requeridos. Ubicar tarjetas, obstáculos, sensores o elementos del escenario. Programación colaborativa Diseñar en equipo la secuencia o algoritmo. Seleccionar movimientos, condiciones o bloques. Prueba Ejecutar el programa y observar el comportamiento. COODI realiza el recorrido. Reflexión Analizar errores, estrategias, aprendizaje y alternativas. Comparar el resultado con la planificación y depurar el algoritmo. 4', 'COODI | Documentación integral para corpus RAG Página 6 5. Funciones ejecutivas Las actividades con COODI pueden diseñarse para estimular procesos asociados a las funciones ejecutivas. COODI no se presenta como instrumento clínico; su uso se sitúa en experiencias educativas y, cuando corresponde, en evaluación investigativa con instru mentos definidos. Función ejecutiva Manifestación en una actividad COODI Ejemplo de evidencia observable Planificación Definir pasos antes de ejecutar. El estudiante anticipa la ruta y ordena comandos. Memoria de trabajo Mantener y manipular información relevante. Recuerda posición, meta y reglas mientras ajusta la secuencia. Control inhibitorio Evitar una respuesta impulsiva y comprobar antes de ejecutar. Revisa el algoritmo en lugar de iniciar de inmediato', '. • Usar rondas de prueba y depuración para observar adaptación de la estrategia. 6. Pensamiento computacional Habilidad Aplicación en COODI Descomposición Dividir una misión en movimientos, decisiones o subproblemas. Reconocimiento de patrones Detectar regularidades en recorridos, datos de sensores o comportamientos. Abstracción Identificar información relevante y descartar detalles que no afectan la solución. Algoritmos Crear una secuencia ordenada y reproducible de instrucciones. Evaluación Comparar el comportamiento obtenido con el comportamiento esperado. Depuración Localizar y corregir errores en la solución. La progresión de COODI facilita representar un mismo algoritmo en diferentes niveles: físicamente mediante tarjetas, visualmente mediante bloques y textualmente mediante código', '. coodi_pedagogy NDCC, funciones ejecutivas, pensamiento computacional, evaluación. coodi_hardware Arquitectura física, electrónica, sensores y actuadores. coodi_software Firmware, bloques, programación textual, comunicación y servicios. coodi_activities Cuadernillos, narrativas, talleres, misiones y KODARA. coodi_assessment NeuroCOODI, instrumentos, registros y analítica. coodi_governance Privacidad, ética, seguridad, accesibilidad, mantenimiento. coodi_faq Preguntas frecuentes y respuestas canónicas. 28.1 Audiencias sugeridas • estudiante • docente • facilitador • desarrollador • investigador • apoderado • administrador 29. Estrategia de chunking y metadatos 29.1 Chunking semántico No se recomienda fragmentar únicamente por número fijo de caracteres', '. Alta COODI -PED Funciones ejecutivas, pensamiento computacional y evaluación. Alta COODI -ACT Cuadernillos, talleres, desafíos y narrativas. Media COODI -PRIV Privacidad, ética, seguridad y datos infantiles. Media COODI -FAQ Preguntas canónicas para estudiantes, docentes y familias. Media COODI -OPS Instalación, mantenimiento y solución de problemas.', '. COODIBOT Componente conversacional del ecosistema COODI. Depuración Proceso de identificar y corregir errores en un programa o solución. Funciones ejecutivas Procesos cognitivos de control como planificación, memoria de trabajo, inhibición y flexibilidad. HC-SR04 Sensor ultrasónico utilizado para medir distancia. IA Inteligencia Artificial; sistemas capaces de realizar tareas como clasificación, predicción o reconocimiento de patrones a partir de reglas o datos. KODARA Propuesta lúdica de Código, Descubrir y Razonar asociada al ecosistema. NDCC Modelo: Narrativa, Desafío, Construcción, Programación colaborativa, Prueba y Reflexión. NeuroCOODI Plataforma complementaria de evaluación cognitiva escolar', 'COODI | Documentación integral para corpus RAG Página 22 Anexo A. Plantilla de metadatos por documento Campo Ejemplo id COODI -07 titulo Sensores y actuadores de COODI categoria hardware subcategoria sensores audiencia docente; estudiante; desarrollador nivel_educativo educacion_basica edad_recomendada 7-12 version 1.0 estado_documento vigente estado_funcional implemented / prototype / planned fecha_actualizacion 2026 -08-25 keywords sensor; ultrasonido; RFID; motores; servo source_type documentacion_oficial Anexo B']","- Concepto Clave: (Componentes en fase de planificación son aquellos que aún no están integrados de forma estable en el ecosistema COODI).
- Pasos: 1. Revisa la documentación oficial de COODI. 2. Identifica los componentes listados como ""planificados"". 3. No los presentes como disponibles en actividades educativas.
- OA Vinculado: COODI - Hardware (Arquitectura física, electrónica, sensores y actuadores).
- Verificación: Compara la lista de componentes en la documentación con los que se están utilizando en las actividades.","RFID (identificación automática de tarjetas/objetos) e IMU (orientación y movimiento) están planificados, no implementados.",0.5,0.6135672060074028,1.0,0.26666666665333333,T19,Soporte Tecnico
¿Qué microcontrolador usa la versión inicial de COODI?,"['COODI | Documentación integral para corpus RAG Página 20 32. Ficha maestra de especificaciones Área Especificación consolidada Estado Identidad COODI = COnecta, Observa, Descompone, Innova. Vigente Público Educación básica; foco aproximado 7 –12 años; adaptable 3.º –8.º básico. Vigente Metodología NDCC: Narrativa → Desafío → Construcción → Programación colaborativa → Prueba → Reflexión. Vigente Programación Tangible, visual y textual. Vigente Control inicial Arduino UNO. Implementado Control ampliado ESP32 -WROOM -32 / Raspberry Pi Zero 2W según módulo. Prototipo/planificado Distancia HC-SR04. Implementado Movimiento 2 motores DC y servomotor SG90 según configuración. Implementado/prototipo Salida Buzzer y LED RGB/matriz RGB según versión. Implementado Ambiente DHT22', '. COODIBOT Componente conversacional del ecosistema COODI. Depuración Proceso de identificar y corregir errores en un programa o solución. Funciones ejecutivas Procesos cognitivos de control como planificación, memoria de trabajo, inhibición y flexibilidad. HC-SR04 Sensor ultrasónico utilizado para medir distancia. IA Inteligencia Artificial; sistemas capaces de realizar tareas como clasificación, predicción o reconocimiento de patrones a partir de reglas o datos. KODARA Propuesta lúdica de Código, Descubrir y Razonar asociada al ecosistema. NDCC Modelo: Narrativa, Desafío, Construcción, Programación colaborativa, Prueba y Reflexión. NeuroCOODI Plataforma complementaria de evaluación cognitiva escolar', 'COODI | Documentación integral para corpus RAG Página 9 10.2 Plataformas de procesamiento La versión inicial utiliza Arduino UNO para control embebido. Las líneas de ampliación consideran ESP32 -WROOM -32 para mayor conectividad y capacidad, y Raspberry Pi Zero 2W cuando se requieren funciones de mayor procesamiento o integración con periféricos. 10.3 Comunicación Se han considerado esquemas de comunicación inalámbrica, incluyendo Bluetooth y configuraciones maestro -esclavo con placas compatibles, para conectar elementos del ecosistema. La tecnología concreta debe documentarse por versión para evitar que una descrip ción conceptual sea interpretada como requisito permanente. 10', 'COODI | Documentación integral para corpus RAG Página 4 Principio Descripción Accesibilidad tecnológica Se priorizan componentes de bajo costo y herramientas abiertas o ampliamente disponibles. Funcionamiento local Las actividades centrales pueden realizarse sin dependencia permanente de Internet. Modularidad Hardware, software y recursos pedagógicos pueden ampliarse sin redefinir todo el ecosistema. 2. Ecosistema y componentes COODI se organiza en una dimensión física, una dimensión computacional y una dimensión pedagógica. La integración de estas dimensiones permite que el robot actúe como medio para el aprendizaje y no únicamente como artefacto tecnológico. Dimensión Componentes principales Función Física Robot COODI, tablero, tarjetas, sensores, actuadores, material manipulativo', '. Patrones e IA Observar pistas y discutir cómo un algoritmo puede identificar regularidades. Material narrativo, sensores o datos de ejemplo. Funciones ejecutivas Planificar, ejecutar, detectar error y cambiar estrategia. NDCC, tablero, robot, instrumentos de observación. Programación progresiva Resolver una misma misión primero con tarjetas, luego bloques y finalmente código. Tres entornos de programación. 27. Limitaciones y alcance • COODI es un ecosistema educativo y de investigación; no reemplaza instrumentos clínicos ni diagnósticos. • La configuración de hardware puede variar entre versiones; las respuestas técnicas deben indicar versión y estado', 'COODI | Documentación integral para corpus RAG Página 13 18.2 Pruebas consideradas Prueba Variable o proceso de interés Stroop Control inhibitorio, precisión y tiempos de respuesta. Trail Making Secuenciación, atención, velocidad y errores. Wisconsin Card Sorting Flexibilidad cognitiva y cambio de regla. N-back Memoria de trabajo. Alcance. NeuroCOODI debe presentarse como herramienta educativa/investigativa y no como sistema de diagnóstico clínico. 19. COODIBOT COODIBOT es el componente conversacional del ecosistema. Su función puede incluir orientación, respuestas sobre actividades o apoyo a la interacción con recursos educativos. Las implementaciones han considerado un back -end Flask y servicios de modelos de l enguaje. 19', 'COODI | Documentación integral para corpus RAG Página 22 Anexo A. Plantilla de metadatos por documento Campo Ejemplo id COODI -07 titulo Sensores y actuadores de COODI categoria hardware subcategoria sensores audiencia docente; estudiante; desarrollador nivel_educativo educacion_basica edad_recomendada 7-12 version 1.0 estado_documento vigente estado_funcional implemented / prototype / planned fecha_actualizacion 2026 -08-25 keywords sensor; ultrasonido; RFID; motores; servo source_type documentacion_oficial Anexo B', '. Implementado/prototipo Salida Buzzer y LED RGB/matriz RGB según versión. Implementado Ambiente DHT22. Implementado/prototipo IR Control/recepción infrarroja para validación de actividades. Implementado RFID Identificación automática de tarjetas/objetos. Planificado IMU Orientación y movimiento. Planificado Tablero 6 × 6 con Inicio/Fin y comandos de navegación. Implementado en actividades Software visual Angular + Blockly. Prototipo/implementado según versión Texto Arduino/C++. Vigente Evaluación NeuroCOODI: Angular + Node/Express + MySQL; Stroop, Trail Making, Wisconsin, N -back. Prototipo Chatbot COODIBOT con back -end Flask y arquitectura compatible con RAG. Prototipo Conectividad Núcleo educativo offline; servicios complementarios pueden usar red. Principio vigente 33', '. Dimensión Componentes principales Función Física Robot COODI, tablero, tarjetas, sensores, actuadores, material manipulativo. Permitir interacción tangible, movimiento, percepción y experimentación. Computacional Firmware, programación por bloques, programación textual, comunicación, servicios complementarios. Ejecutar algoritmos, controlar el robot y apoyar experiencias digitales. Pedagógica Modelo NDCC, cuadernillos, narrativas, desafíos, funciones ejecutivas y evaluación. Dar sentido educativo a la interacción tecnológica. 2.1 Componentes del ecosistema • Robot educativo COODI. • Programación tangible mediante tarjetas o comandos físicos. • Entorno de programación visual basado en bloques. • Programación textual para niveles de mayor complejidad. • Tablero de actividades y navegación', '. Debe responderse indicando que está en fase de prototipo. Planificado Extensión prevista o línea de desarrollo aún no integrada de forma estable. No debe afirmarse como una capacidad disponible. Criterio de consistencia. Ante información contradictoria entre versiones de documentos, debe prevalecer la fuente con mayor versión y fecha, y conservarse el historial de cambios. Índice de contenidos 1. Identidad y propósito de COODI 2. Ecosistema y componentes 3. Público objetivo y contextos de uso 4. Modelo pedagógico NDCC 5. Funciones ejecutivas 6. Pensamiento computacional 7. STEM e Inteligencia Artificial 8. Arquitectura física del robot 9. Electrónica, sensores y actuadores 10. Arquitectura computacional y comunicaciones 11. Entornos de programación 12. Programación tangible y tablero 13']","- Concepto Clave: Arduino UNO es el microcontrolador utilizado en la versión inicial de COODI.
- Pasos: 1. Identifica el modelo de microcontrolador. 2. Verifica la documentación de COODI. 3. Confirma que se mencione Arduino UNO.
- OA Vinculado: COODI-10.2: Plataformas de procesamiento, describe el uso de Arduino UNO.
- Verificación: Comprueba que el microcontrolador mencionado en la documentación sea Arduino UNO.","Arduino UNO, como unidad de control inicial (implementado).",0.3333333333333333,0.9075972751253166,1.0,0.8333333332916666,T20,Soporte Tecnico
¿Qué plataformas se consideran para ampliar la capacidad de procesamiento de COODI?,"['. COODIBOT Componente conversacional del ecosistema COODI. Depuración Proceso de identificar y corregir errores en un programa o solución. Funciones ejecutivas Procesos cognitivos de control como planificación, memoria de trabajo, inhibición y flexibilidad. HC-SR04 Sensor ultrasónico utilizado para medir distancia. IA Inteligencia Artificial; sistemas capaces de realizar tareas como clasificación, predicción o reconocimiento de patrones a partir de reglas o datos. KODARA Propuesta lúdica de Código, Descubrir y Razonar asociada al ecosistema. NDCC Modelo: Narrativa, Desafío, Construcción, Programación colaborativa, Prueba y Reflexión. NeuroCOODI Plataforma complementaria de evaluación cognitiva escolar', 'COODI | Documentación integral para corpus RAG Página 13 18.2 Pruebas consideradas Prueba Variable o proceso de interés Stroop Control inhibitorio, precisión y tiempos de respuesta. Trail Making Secuenciación, atención, velocidad y errores. Wisconsin Card Sorting Flexibilidad cognitiva y cambio de regla. N-back Memoria de trabajo. Alcance. NeuroCOODI debe presentarse como herramienta educativa/investigativa y no como sistema de diagnóstico clínico. 19. COODIBOT COODIBOT es el componente conversacional del ecosistema. Su función puede incluir orientación, respuestas sobre actividades o apoyo a la interacción con recursos educativos. Las implementaciones han considerado un back -end Flask y servicios de modelos de l enguaje. 19', 'COODI | Documentación integral para corpus RAG Página 9 10.2 Plataformas de procesamiento La versión inicial utiliza Arduino UNO para control embebido. Las líneas de ampliación consideran ESP32 -WROOM -32 para mayor conectividad y capacidad, y Raspberry Pi Zero 2W cuando se requieren funciones de mayor procesamiento o integración con periféricos. 10.3 Comunicación Se han considerado esquemas de comunicación inalámbrica, incluyendo Bluetooth y configuraciones maestro -esclavo con placas compatibles, para conectar elementos del ecosistema. La tecnología concreta debe documentarse por versión para evitar que una descrip ción conceptual sea interpretada como requisito permanente. 10', '. • Usar rondas de prueba y depuración para observar adaptación de la estrategia. 6. Pensamiento computacional Habilidad Aplicación en COODI Descomposición Dividir una misión en movimientos, decisiones o subproblemas. Reconocimiento de patrones Detectar regularidades en recorridos, datos de sensores o comportamientos. Abstracción Identificar información relevante y descartar detalles que no afectan la solución. Algoritmos Crear una secuencia ordenada y reproducible de instrucciones. Evaluación Comparar el comportamiento obtenido con el comportamiento esperado. Depuración Localizar y corregir errores en la solución. La progresión de COODI facilita representar un mismo algoritmo en diferentes niveles: físicamente mediante tarjetas, visualmente mediante bloques y textualmente mediante código', '. coodi_pedagogy NDCC, funciones ejecutivas, pensamiento computacional, evaluación. coodi_hardware Arquitectura física, electrónica, sensores y actuadores. coodi_software Firmware, bloques, programación textual, comunicación y servicios. coodi_activities Cuadernillos, narrativas, talleres, misiones y KODARA. coodi_assessment NeuroCOODI, instrumentos, registros y analítica. coodi_governance Privacidad, ética, seguridad, accesibilidad, mantenimiento. coodi_faq Preguntas frecuentes y respuestas canónicas. 28.1 Audiencias sugeridas • estudiante • docente • facilitador • desarrollador • investigador • apoderado • administrador 29. Estrategia de chunking y metadatos 29.1 Chunking semántico No se recomienda fragmentar únicamente por número fijo de caracteres', '. Alta COODI -PED Funciones ejecutivas, pensamiento computacional y evaluación. Alta COODI -ACT Cuadernillos, talleres, desafíos y narrativas. Media COODI -PRIV Privacidad, ética, seguridad y datos infantiles. Media COODI -FAQ Preguntas canónicas para estudiantes, docentes y familias. Media COODI -OPS Instalación, mantenimiento y solución de problemas.', 'COODI | Documentación integral para corpus RAG Página 6 5. Funciones ejecutivas Las actividades con COODI pueden diseñarse para estimular procesos asociados a las funciones ejecutivas. COODI no se presenta como instrumento clínico; su uso se sitúa en experiencias educativas y, cuando corresponde, en evaluación investigativa con instru mentos definidos. Función ejecutiva Manifestación en una actividad COODI Ejemplo de evidencia observable Planificación Definir pasos antes de ejecutar. El estudiante anticipa la ruta y ordena comandos. Memoria de trabajo Mantener y manipular información relevante. Recuerda posición, meta y reglas mientras ajusta la secuencia. Control inhibitorio Evitar una respuesta impulsiva y comprobar antes de ejecutar. Revisa el algoritmo en lugar de iniciar de inmediato', '. Patrones e IA Observar pistas y discutir cómo un algoritmo puede identificar regularidades. Material narrativo, sensores o datos de ejemplo. Funciones ejecutivas Planificar, ejecutar, detectar error y cambiar estrategia. NDCC, tablero, robot, instrumentos de observación. Programación progresiva Resolver una misma misión primero con tarjetas, luego bloques y finalmente código. Tres entornos de programación. 27. Limitaciones y alcance • COODI es un ecosistema educativo y de investigación; no reemplaza instrumentos clínicos ni diagnósticos. • La configuración de hardware puede variar entre versiones; las respuestas técnicas deben indicar versión y estado', 'COODI | Documentación integral para corpus RAG Página 4 Principio Descripción Accesibilidad tecnológica Se priorizan componentes de bajo costo y herramientas abiertas o ampliamente disponibles. Funcionamiento local Las actividades centrales pueden realizarse sin dependencia permanente de Internet. Modularidad Hardware, software y recursos pedagógicos pueden ampliarse sin redefinir todo el ecosistema. 2. Ecosistema y componentes COODI se organiza en una dimensión física, una dimensión computacional y una dimensión pedagógica. La integración de estas dimensiones permite que el robot actúe como medio para el aprendizaje y no únicamente como artefacto tecnológico. Dimensión Componentes principales Función Física Robot COODI, tablero, tarjetas, sensores, actuadores, material manipulativo', 'COODI | Documentación integral para corpus RAG Página 22 Anexo A. Plantilla de metadatos por documento Campo Ejemplo id COODI -07 titulo Sensores y actuadores de COODI categoria hardware subcategoria sensores audiencia docente; estudiante; desarrollador nivel_educativo educacion_basica edad_recomendada 7-12 version 1.0 estado_documento vigente estado_funcional implemented / prototype / planned fecha_actualizacion 2026 -08-25 keywords sensor; ultrasonido; RFID; motores; servo source_type documentacion_oficial Anexo B']","- Concepto Clave: (Plataformas de procesamiento para COODI)
- Pasos: 1. Investiga sobre Arduino UNO. 2. Considera ESP32-WROOM-32 para conectividad. 3. Evalúa Raspberry Pi Zero 2W para mayor procesamiento. 4. Documenta la tecnología utilizada por versión.
- OA Vinculado: coodi_hardware (Arquitectura física, electrónica, sensores y actuadores).
- Verificación: Comprueba que la plataforma elegida funcione correctamente con los componentes de COODI y que se documente adecuadamente.","ESP32-WROOM-32 y/o Raspberry Pi Zero 2W, como evolución de control (prototipo/planificado según módulo).",0.5,0.6883649194562133,1.0,0.3333333333,T21,Soporte Tecnico
¿COODI necesita estar conectado a internet para funcionar?,"['COODI | Documentación integral para corpus RAG Página 4 Principio Descripción Accesibilidad tecnológica Se priorizan componentes de bajo costo y herramientas abiertas o ampliamente disponibles. Funcionamiento local Las actividades centrales pueden realizarse sin dependencia permanente de Internet. Modularidad Hardware, software y recursos pedagógicos pueden ampliarse sin redefinir todo el ecosistema. 2. Ecosistema y componentes COODI se organiza en una dimensión física, una dimensión computacional y una dimensión pedagógica. La integración de estas dimensiones permite que el robot actúe como medio para el aprendizaje y no únicamente como artefacto tecnológico. Dimensión Componentes principales Función Física Robot COODI, tablero, tarjetas, sensores, actuadores, material manipulativo', '. Alta COODI -PED Funciones ejecutivas, pensamiento computacional y evaluación. Alta COODI -ACT Cuadernillos, talleres, desafíos y narrativas. Media COODI -PRIV Privacidad, ética, seguridad y datos infantiles. Media COODI -FAQ Preguntas canónicas para estudiantes, docentes y familias. Media COODI -OPS Instalación, mantenimiento y solución de problemas.', '. • Filtrar por status cuando la pregunta sea sobre capacidades actuales. • Usar audience para ajustar profundidad de la respuesta. • Recuperar más de un chunk cuando la pregunta combine pedagogía y tecnología. • Evitar mezclar reglas de versiones incompatibles. • Devolver fuente y sección para trazabilidad. 30. Preguntas frecuentes ¿COODI es solo un robot? No. COODI es un ecosistema educativo que integra robot, programación, materiales, narrativas, evaluación y recursos digitales. ¿Qué edades pueden trabajar con COODI? Principalmente estudiantes de educación básica, aproximadamente entre 7 y 12 años, con actividades adaptables a niveles entre 3.º y 8.º básico. ¿COODI necesita Internet? Las actividades fundamentales pueden diseñarse para funcionar sin conexión permanente', 'COODI | Documentación integral para corpus RAG Página 13 18.2 Pruebas consideradas Prueba Variable o proceso de interés Stroop Control inhibitorio, precisión y tiempos de respuesta. Trail Making Secuenciación, atención, velocidad y errores. Wisconsin Card Sorting Flexibilidad cognitiva y cambio de regla. N-back Memoria de trabajo. Alcance. NeuroCOODI debe presentarse como herramienta educativa/investigativa y no como sistema de diagnóstico clínico. 19. COODIBOT COODIBOT es el componente conversacional del ecosistema. Su función puede incluir orientación, respuestas sobre actividades o apoyo a la interacción con recursos educativos. Las implementaciones han considerado un back -end Flask y servicios de modelos de l enguaje. 19', '. COODIBOT Componente conversacional del ecosistema COODI. Depuración Proceso de identificar y corregir errores en un programa o solución. Funciones ejecutivas Procesos cognitivos de control como planificación, memoria de trabajo, inhibición y flexibilidad. HC-SR04 Sensor ultrasónico utilizado para medir distancia. IA Inteligencia Artificial; sistemas capaces de realizar tareas como clasificación, predicción o reconocimiento de patrones a partir de reglas o datos. KODARA Propuesta lúdica de Código, Descubrir y Razonar asociada al ecosistema. NDCC Modelo: Narrativa, Desafío, Construcción, Programación colaborativa, Prueba y Reflexión. NeuroCOODI Plataforma complementaria de evaluación cognitiva escolar', '.º y 8.º básico. ¿COODI necesita Internet? Las actividades fundamentales pueden diseñarse para funcionar sin conexión permanente. Algunos servicios complementarios pueden requerir conectividad. ¿Qué formas de programación utiliza? Programación tangible, visual mediante bloques y textual mediante Arduino/C++ u otras herramientas compatibles. ¿Qué es NDCC? Es la secuencia Narrativa → Desafío → Construcción → Programación colaborativa → Prueba → Reflexión. ¿Qué funciones ejecutivas se trabajan? Planificación, memoria de trabajo, control inhibitorio y flexibilidad cognitiva.', 'COODI | Documentación integral para corpus RAG Página 6 5. Funciones ejecutivas Las actividades con COODI pueden diseñarse para estimular procesos asociados a las funciones ejecutivas. COODI no se presenta como instrumento clínico; su uso se sitúa en experiencias educativas y, cuando corresponde, en evaluación investigativa con instru mentos definidos. Función ejecutiva Manifestación en una actividad COODI Ejemplo de evidencia observable Planificación Definir pasos antes de ejecutar. El estudiante anticipa la ruta y ordena comandos. Memoria de trabajo Mantener y manipular información relevante. Recuerda posición, meta y reglas mientras ajusta la secuencia. Control inhibitorio Evitar una respuesta impulsiva y comprobar antes de ejecutar. Revisa el algoritmo en lugar de iniciar de inmediato', '..."" } Anexo C. Preguntas de validación del RAG • ¿Qué es COODI y cuál es su propósito educativo? • ¿Qué significa COnecta, Observa, Descompone e Innova? • ¿Cuáles son las etapas del modelo NDCC? • ¿Qué funciones ejecutivas busca trabajar COODI? • ¿Qué formas de programación ofrece el ecosistema? • ¿Qué sensor utiliza COODI para medir distancia? • ¿RFID está implementado o planificado? • ¿COODI necesita conexión a Internet para funcionar? • ¿Qué diferencia existe entre COODI y NeuroCOODI? • ¿Qué es COODIBOT? • ¿Cómo debe explicarse la inferencia de emociones mediante IA a niños? • ¿Qué medidas de privacidad se recomiendan cuando se trabaja con datos infantiles?', 'COODI | Documentación integral para corpus RAG Página 14 20.1 Diseño pre/post Cuando se realicen estudios de intervención, pueden utilizarse instrumentos pre/post y registros de actividad. Los datos de niños deben manejarse mediante protocolos éticos, minimización de datos, consentimiento de responsables y asentimiento cuando corres ponda. 21. Sostenibilidad y tecnología verde COODI incorpora sostenibilidad tanto como tema educativo como criterio de uso responsable de la tecnología. Las narrativas pueden abordar cambio climático, variables ambientales y decisiones de consumo energético. • Utilizar sensores ambientales para observar condiciones del entorno. • Promover el apagado o suspensión de componentes inactivos cuando sea técnicamente posible', 'COODI | Documentación integral para corpus RAG Página 20 32. Ficha maestra de especificaciones Área Especificación consolidada Estado Identidad COODI = COnecta, Observa, Descompone, Innova. Vigente Público Educación básica; foco aproximado 7 –12 años; adaptable 3.º –8.º básico. Vigente Metodología NDCC: Narrativa → Desafío → Construcción → Programación colaborativa → Prueba → Reflexión. Vigente Programación Tangible, visual y textual. Vigente Control inicial Arduino UNO. Implementado Control ampliado ESP32 -WROOM -32 / Raspberry Pi Zero 2W según módulo. Prototipo/planificado Distancia HC-SR04. Implementado Movimiento 2 motores DC y servomotor SG90 según configuración. Implementado/prototipo Salida Buzzer y LED RGB/matriz RGB según versión. Implementado Ambiente DHT22']","- Concepto Clave: COODI puede funcionar sin conexión a Internet para actividades fundamentales.
- Pasos: 1. Diseña actividades que no requieran Internet. 2. Utiliza componentes físicos y software locales. 3. Verifica que los recursos estén disponibles offline.
- OA Vinculado: OA: ""COODI -FAQ"" - Preguntas frecuentes sobre el uso de COODI.
- Verificación: Comprueba que las actividades se realicen correctamente sin conexión y que los estudiantes puedan interactuar con los materiales.","No: las actividades fundamentales (robot, tablero, programación) están diseñadas para funcionar de forma local/offline. Algunos servicios complementarios (como asistentes conversacionales o sincronización) sí pueden requerir conectividad, pero no es una dependencia obligatoria.",0.2857142857142857,0.7743183956909174,1.0,0.9206845237980152,T22,Soporte Tecnico
¿Qué modalidades de programación ofrece COODI?,"['COODI | Documentación integral para corpus RAG Página 5 Contexto Uso esperado Formación docente Demostración de metodologías activas, programación y robótica educativa. Investigación educativa Evaluación de interacción, aprendizaje, funciones ejecutivas y diseño de experiencias. Adaptación por edad. La edad recomendada no debe usarse como una restricción rígida. La selección de actividades depende del nivel de lectura, experiencia previa con programación, objetivos de aprendizaje y acompañamiento docente. 4. Modelo pedagógico NDCC NDCC es el modelo didáctico que organiza las experiencias de COODI. Su secuencia busca conectar una situación significativa con un desafío concreto, una construcción o manipulación, la programación colaborativa, la experimentación y la reflexión', '. coodi_pedagogy NDCC, funciones ejecutivas, pensamiento computacional, evaluación. coodi_hardware Arquitectura física, electrónica, sensores y actuadores. coodi_software Firmware, bloques, programación textual, comunicación y servicios. coodi_activities Cuadernillos, narrativas, talleres, misiones y KODARA. coodi_assessment NeuroCOODI, instrumentos, registros y analítica. coodi_governance Privacidad, ética, seguridad, accesibilidad, mantenimiento. coodi_faq Preguntas frecuentes y respuestas canónicas. 28.1 Audiencias sugeridas • estudiante • docente • facilitador • desarrollador • investigador • apoderado • administrador 29. Estrategia de chunking y metadatos 29.1 Chunking semántico No se recomienda fragmentar únicamente por número fijo de caracteres', '. • Usar rondas de prueba y depuración para observar adaptación de la estrategia. 6. Pensamiento computacional Habilidad Aplicación en COODI Descomposición Dividir una misión en movimientos, decisiones o subproblemas. Reconocimiento de patrones Detectar regularidades en recorridos, datos de sensores o comportamientos. Abstracción Identificar información relevante y descartar detalles que no afectan la solución. Algoritmos Crear una secuencia ordenada y reproducible de instrucciones. Evaluación Comparar el comportamiento obtenido con el comportamiento esperado. Depuración Localizar y corregir errores en la solución. La progresión de COODI facilita representar un mismo algoritmo en diferentes niveles: físicamente mediante tarjetas, visualmente mediante bloques y textualmente mediante código', '. • Entorno de programación visual basado en bloques. • Programación textual para niveles de mayor complejidad. • Tablero de actividades y navegación. • Cuadernillos narrativos con desafíos STEM+IA. • NeuroCOODI para evaluación cognitiva y funciones ejecutivas. • COODIBOT como componente conversacional complementario. • Recursos de apoyo docente, instrumentos y materiales de evaluación. 3. Público objetivo y contextos de uso COODI está dirigido principalmente a estudiantes de educación básica. Las actividades se han concebido para rangos aproximados de 7 a 12 años, con adaptaciones que pueden extenderse a niveles entre 3.º y 8.º básico según la complejidad de la experiencia', '. Etapa Propósito Ejemplo con COODI Narrativa Contextualizar la experiencia y generar motivación. COODI debe completar una misión en Marte o resolver una situación ambiental. Desafío Definir el problema o meta a alcanzar. Llegar a una zona del tablero evitando obstáculos. Construcción Preparar materiales, recorrido o componentes requeridos. Ubicar tarjetas, obstáculos, sensores o elementos del escenario. Programación colaborativa Diseñar en equipo la secuencia o algoritmo. Seleccionar movimientos, condiciones o bloques. Prueba Ejecutar el programa y observar el comportamiento. COODI realiza el recorrido. Reflexión Analizar errores, estrategias, aprendizaje y alternativas. Comparar el resultado con la planificación y depurar el algoritmo. 4', '. COODIBOT Componente conversacional del ecosistema COODI. Depuración Proceso de identificar y corregir errores en un programa o solución. Funciones ejecutivas Procesos cognitivos de control como planificación, memoria de trabajo, inhibición y flexibilidad. HC-SR04 Sensor ultrasónico utilizado para medir distancia. IA Inteligencia Artificial; sistemas capaces de realizar tareas como clasificación, predicción o reconocimiento de patrones a partir de reglas o datos. KODARA Propuesta lúdica de Código, Descubrir y Razonar asociada al ecosistema. NDCC Modelo: Narrativa, Desafío, Construcción, Programación colaborativa, Prueba y Reflexión. NeuroCOODI Plataforma complementaria de evaluación cognitiva escolar', '. Patrones e IA Observar pistas y discutir cómo un algoritmo puede identificar regularidades. Material narrativo, sensores o datos de ejemplo. Funciones ejecutivas Planificar, ejecutar, detectar error y cambiar estrategia. NDCC, tablero, robot, instrumentos de observación. Programación progresiva Resolver una misma misión primero con tarjetas, luego bloques y finalmente código. Tres entornos de programación. 27. Limitaciones y alcance • COODI es un ecosistema educativo y de investigación; no reemplaza instrumentos clínicos ni diagnósticos. • La configuración de hardware puede variar entre versiones; las respuestas técnicas deben indicar versión y estado', 'COODI | Documentación integral para corpus RAG Página 6 5. Funciones ejecutivas Las actividades con COODI pueden diseñarse para estimular procesos asociados a las funciones ejecutivas. COODI no se presenta como instrumento clínico; su uso se sitúa en experiencias educativas y, cuando corresponde, en evaluación investigativa con instru mentos definidos. Función ejecutiva Manifestación en una actividad COODI Ejemplo de evidencia observable Planificación Definir pasos antes de ejecutar. El estudiante anticipa la ruta y ordena comandos. Memoria de trabajo Mantener y manipular información relevante. Recuerda posición, meta y reglas mientras ajusta la secuencia. Control inhibitorio Evitar una respuesta impulsiva y comprobar antes de ejecutar. Revisa el algoritmo en lugar de iniciar de inmediato', 'COODI | Documentación integral para corpus RAG Página 20 32. Ficha maestra de especificaciones Área Especificación consolidada Estado Identidad COODI = COnecta, Observa, Descompone, Innova. Vigente Público Educación básica; foco aproximado 7 –12 años; adaptable 3.º –8.º básico. Vigente Metodología NDCC: Narrativa → Desafío → Construcción → Programación colaborativa → Prueba → Reflexión. Vigente Programación Tangible, visual y textual. Vigente Control inicial Arduino UNO. Implementado Control ampliado ESP32 -WROOM -32 / Raspberry Pi Zero 2W según módulo. Prototipo/planificado Distancia HC-SR04. Implementado Movimiento 2 motores DC y servomotor SG90 según configuración. Implementado/prototipo Salida Buzzer y LED RGB/matriz RGB según versión. Implementado Ambiente DHT22', 'COODI | Documentación integral para corpus RAG Página 4 Principio Descripción Accesibilidad tecnológica Se priorizan componentes de bajo costo y herramientas abiertas o ampliamente disponibles. Funcionamiento local Las actividades centrales pueden realizarse sin dependencia permanente de Internet. Modularidad Hardware, software y recursos pedagógicos pueden ampliarse sin redefinir todo el ecosistema. 2. Ecosistema y componentes COODI se organiza en una dimensión física, una dimensión computacional y una dimensión pedagógica. La integración de estas dimensiones permite que el robot actúe como medio para el aprendizaje y no únicamente como artefacto tecnológico. Dimensión Componentes principales Función Física Robot COODI, tablero, tarjetas, sensores, actuadores, material manipulativo']","- Concepto Clave: COODI ofrece programación en tres modalidades: tangible, visual y textual.
- Pasos: 
  1. Utiliza tarjetas para programación tangible.
  2. Emplea bloques para programación visual.
  3. Aplica código para programación textual.
- OA Vinculado: coodi_software - Firmware, bloques, programación textual, comunicación y servicios.
- Verificación: Comprueba que los estudiantes puedan completar una misión utilizando cada modalidad de programación y que comprendan la secuencia de instrucciones.","Tres: tangible (tarjetas/tablero, sin sintaxis), visual (bloques en app basada en Blockly) y textual (Arduino/C++), representando el mismo algoritmo con distinto nivel de abstracción.",0.625,0.7318092857526707,1.0,0.8968253968104498,T23,Soporte Tecnico
¿Qué es el tablero de navegación de COODI y de qué tamaño es?,"['. • Entorno de programación visual basado en bloques. • Programación textual para niveles de mayor complejidad. • Tablero de actividades y navegación. • Cuadernillos narrativos con desafíos STEM+IA. • NeuroCOODI para evaluación cognitiva y funciones ejecutivas. • COODIBOT como componente conversacional complementario. • Recursos de apoyo docente, instrumentos y materiales de evaluación. 3. Público objetivo y contextos de uso COODI está dirigido principalmente a estudiantes de educación básica. Las actividades se han concebido para rangos aproximados de 7 a 12 años, con adaptaciones que pueden extenderse a niveles entre 3.º y 8.º básico según la complejidad de la experiencia', 'COODI | Documentación integral para corpus RAG Página 13 18.2 Pruebas consideradas Prueba Variable o proceso de interés Stroop Control inhibitorio, precisión y tiempos de respuesta. Trail Making Secuenciación, atención, velocidad y errores. Wisconsin Card Sorting Flexibilidad cognitiva y cambio de regla. N-back Memoria de trabajo. Alcance. NeuroCOODI debe presentarse como herramienta educativa/investigativa y no como sistema de diagnóstico clínico. 19. COODIBOT COODIBOT es el componente conversacional del ecosistema. Su función puede incluir orientación, respuestas sobre actividades o apoyo a la interacción con recursos educativos. Las implementaciones han considerado un back -end Flask y servicios de modelos de l enguaje. 19', 'COODI | Documentación integral para corpus RAG Página 22 Anexo A. Plantilla de metadatos por documento Campo Ejemplo id COODI -07 titulo Sensores y actuadores de COODI categoria hardware subcategoria sensores audiencia docente; estudiante; desarrollador nivel_educativo educacion_basica edad_recomendada 7-12 version 1.0 estado_documento vigente estado_funcional implemented / prototype / planned fecha_actualizacion 2026 -08-25 keywords sensor; ultrasonido; RFID; motores; servo source_type documentacion_oficial Anexo B', '. coodi_pedagogy NDCC, funciones ejecutivas, pensamiento computacional, evaluación. coodi_hardware Arquitectura física, electrónica, sensores y actuadores. coodi_software Firmware, bloques, programación textual, comunicación y servicios. coodi_activities Cuadernillos, narrativas, talleres, misiones y KODARA. coodi_assessment NeuroCOODI, instrumentos, registros y analítica. coodi_governance Privacidad, ética, seguridad, accesibilidad, mantenimiento. coodi_faq Preguntas frecuentes y respuestas canónicas. 28.1 Audiencias sugeridas • estudiante • docente • facilitador • desarrollador • investigador • apoderado • administrador 29. Estrategia de chunking y metadatos 29.1 Chunking semántico No se recomienda fragmentar únicamente por número fijo de caracteres', 'COODI | Documentación integral para corpus RAG Página 4 Principio Descripción Accesibilidad tecnológica Se priorizan componentes de bajo costo y herramientas abiertas o ampliamente disponibles. Funcionamiento local Las actividades centrales pueden realizarse sin dependencia permanente de Internet. Modularidad Hardware, software y recursos pedagógicos pueden ampliarse sin redefinir todo el ecosistema. 2. Ecosistema y componentes COODI se organiza en una dimensión física, una dimensión computacional y una dimensión pedagógica. La integración de estas dimensiones permite que el robot actúe como medio para el aprendizaje y no únicamente como artefacto tecnológico. Dimensión Componentes principales Función Física Robot COODI, tablero, tarjetas, sensores, actuadores, material manipulativo', '. 18. NeuroCOODI NeuroCOODI es un componente complementario orientado a evaluación cognitiva escolar vinculada con funciones ejecutivas en experiencias de robótica educativa. Su propósito es apoyar diseños pre/post y registrar resultados de instrumentos definidos. 18.1 Arquitectura de software Capa Tecnología / función Front -end Angular; registro de participante, navegación por instrumentos y visualización de resultados. Back -end Node.js y Express. Base de datos MySQL. Autenticación JWT en configuraciones del prototipo. Datos principales Participantes, sesiones, fase pre/post y resultados cognitivos.', '. Dimensión Componentes principales Función Física Robot COODI, tablero, tarjetas, sensores, actuadores, material manipulativo. Permitir interacción tangible, movimiento, percepción y experimentación. Computacional Firmware, programación por bloques, programación textual, comunicación, servicios complementarios. Ejecutar algoritmos, controlar el robot y apoyar experiencias digitales. Pedagógica Modelo NDCC, cuadernillos, narrativas, desafíos, funciones ejecutivas y evaluación. Dar sentido educativo a la interacción tecnológica. 2.1 Componentes del ecosistema • Robot educativo COODI. • Programación tangible mediante tarjetas o comandos físicos. • Entorno de programación visual basado en bloques. • Programación textual para niveles de mayor complejidad. • Tablero de actividades y navegación', '. Alta COODI -PED Funciones ejecutivas, pensamiento computacional y evaluación. Alta COODI -ACT Cuadernillos, talleres, desafíos y narrativas. Media COODI -PRIV Privacidad, ética, seguridad y datos infantiles. Media COODI -FAQ Preguntas canónicas para estudiantes, docentes y familias. Media COODI -OPS Instalación, mantenimiento y solución de problemas.', '. COODIBOT Componente conversacional del ecosistema COODI. Depuración Proceso de identificar y corregir errores en un programa o solución. Funciones ejecutivas Procesos cognitivos de control como planificación, memoria de trabajo, inhibición y flexibilidad. HC-SR04 Sensor ultrasónico utilizado para medir distancia. IA Inteligencia Artificial; sistemas capaces de realizar tareas como clasificación, predicción o reconocimiento de patrones a partir de reglas o datos. KODARA Propuesta lúdica de Código, Descubrir y Razonar asociada al ecosistema. NDCC Modelo: Narrativa, Desafío, Construcción, Programación colaborativa, Prueba y Reflexión. NeuroCOODI Plataforma complementaria de evaluación cognitiva escolar', 'COODI | Documentación integral para corpus RAG Página 20 32. Ficha maestra de especificaciones Área Especificación consolidada Estado Identidad COODI = COnecta, Observa, Descompone, Innova. Vigente Público Educación básica; foco aproximado 7 –12 años; adaptable 3.º –8.º básico. Vigente Metodología NDCC: Narrativa → Desafío → Construcción → Programación colaborativa → Prueba → Reflexión. Vigente Programación Tangible, visual y textual. Vigente Control inicial Arduino UNO. Implementado Control ampliado ESP32 -WROOM -32 / Raspberry Pi Zero 2W según módulo. Prototipo/planificado Distancia HC-SR04. Implementado Movimiento 2 motores DC y servomotor SG90 según configuración. Implementado/prototipo Salida Buzzer y LED RGB/matriz RGB según versión. Implementado Ambiente DHT22']","Lo siento, pero no tengo información sobre el tamaño del tablero de navegación de COODI.","Es un tablero de 6×6 posiciones con tarjetas de Inicio y Fin, usado para actividades de navegación y resolución de misiones.",0.5,0.0,0.0,0.24285714284499998,T24,Soporte Tecnico
"Quiero programar a COODI para que avance y luego gire, usando bloques, ¿qué herramienta debo usar?","['. 13.2 Generación de código El generador de código debe conservar correspondencia explícita entre bloque y comportamiento del robot. La documentación técnica debe mantener un catálogo de bloques, parámetros, código generado y versión del firmware compatible. Dato recomendado por bloque Ejemplo block_id coodi_move_forward nombre visible Avanzar parámetros duración, velocidad código generado función o instrucción de movimiento hardware requerido motores DC nivel sugerido inicial/intermedio versión v1.x 14. Programación textual La programación textual permite trabajar directamente con el microcontrolador y los componentes electrónicos. Arduino/C++ es la referencia principal para las versiones basadas en Arduino o ESP32. 14', 'COODI | Documentación integral para corpus RAG Página 10 • Secuenciación. • Predicción de resultados. • Trabajo colaborativo. • Depuración de instrucciones. 13. Programación visual con bloques El entorno visual se concibe como una aplicación web basada en Angular y Blockly. El estudiante construye programas mediante bloques que posteriormente se transforman en código o comandos compatibles con la arquitectura del robot. 13.1 Conceptos que puede representar • Secuencias de movimiento. • Condiciones basadas en sensores. • Ciclos o repeticiones. • Variables. • Eventos. • Funciones o procedimientos. • Acciones de motores, LEDs, buzzer y otros actuadores. 13.2 Generación de código El generador de código debe conservar correspondencia explícita entre bloque y comportamiento del robot', '. • Entorno de programación visual basado en bloques. • Programación textual para niveles de mayor complejidad. • Tablero de actividades y navegación. • Cuadernillos narrativos con desafíos STEM+IA. • NeuroCOODI para evaluación cognitiva y funciones ejecutivas. • COODIBOT como componente conversacional complementario. • Recursos de apoyo docente, instrumentos y materiales de evaluación. 3. Público objetivo y contextos de uso COODI está dirigido principalmente a estudiantes de educación básica. Las actividades se han concebido para rangos aproximados de 7 a 12 años, con adaptaciones que pueden extenderse a niveles entre 3.º y 8.º básico según la complejidad de la experiencia', '. Etapa Propósito Ejemplo con COODI Narrativa Contextualizar la experiencia y generar motivación. COODI debe completar una misión en Marte o resolver una situación ambiental. Desafío Definir el problema o meta a alcanzar. Llegar a una zona del tablero evitando obstáculos. Construcción Preparar materiales, recorrido o componentes requeridos. Ubicar tarjetas, obstáculos, sensores o elementos del escenario. Programación colaborativa Diseñar en equipo la secuencia o algoritmo. Seleccionar movimientos, condiciones o bloques. Prueba Ejecutar el programa y observar el comportamiento. COODI realiza el recorrido. Reflexión Analizar errores, estrategias, aprendizaje y alternativas. Comparar el resultado con la planificación y depurar el algoritmo. 4', '. Progresión La programación puede avanzar desde instrucciones tangibles hacia bloques visuales y luego código textual. Colaboración Los desafíos están diseñados para favorecer planificación y toma de decisiones compartidas. Reflexión La prueba del robot no cierra la actividad; se incorpora análisis del resultado y depuración.', '. Dimensión Componentes principales Función Física Robot COODI, tablero, tarjetas, sensores, actuadores, material manipulativo. Permitir interacción tangible, movimiento, percepción y experimentación. Computacional Firmware, programación por bloques, programación textual, comunicación, servicios complementarios. Ejecutar algoritmos, controlar el robot y apoyar experiencias digitales. Pedagógica Modelo NDCC, cuadernillos, narrativas, desafíos, funciones ejecutivas y evaluación. Dar sentido educativo a la interacción tecnológica. 2.1 Componentes del ecosistema • Robot educativo COODI. • Programación tangible mediante tarjetas o comandos físicos. • Entorno de programación visual basado en bloques. • Programación textual para niveles de mayor complejidad. • Tablero de actividades y navegación', '. Patrones e IA Observar pistas y discutir cómo un algoritmo puede identificar regularidades. Material narrativo, sensores o datos de ejemplo. Funciones ejecutivas Planificar, ejecutar, detectar error y cambiar estrategia. NDCC, tablero, robot, instrumentos de observación. Programación progresiva Resolver una misma misión primero con tarjetas, luego bloques y finalmente código. Tres entornos de programación. 27. Limitaciones y alcance • COODI es un ecosistema educativo y de investigación; no reemplaza instrumentos clínicos ni diagnósticos. • La configuración de hardware puede variar entre versiones; las respuestas técnicas deben indicar versión y estado', '. • Usar rondas de prueba y depuración para observar adaptación de la estrategia. 6. Pensamiento computacional Habilidad Aplicación en COODI Descomposición Dividir una misión en movimientos, decisiones o subproblemas. Reconocimiento de patrones Detectar regularidades en recorridos, datos de sensores o comportamientos. Abstracción Identificar información relevante y descartar detalles que no afectan la solución. Algoritmos Crear una secuencia ordenada y reproducible de instrucciones. Evaluación Comparar el comportamiento obtenido con el comportamiento esperado. Depuración Localizar y corregir errores en la solución. La progresión de COODI facilita representar un mismo algoritmo en diferentes niveles: físicamente mediante tarjetas, visualmente mediante bloques y textualmente mediante código', '. Profundizar en variables, funciones, estructuras y control del hardware. digitalWrite, lectura de sensores, funciones de movimiento. 12. Programación tangible y tablero La programación tangible permite que los estudiantes construyan físicamente una secuencia de instrucciones antes de enviarla o representarla en el robot. Esta modalidad reduce la barrera inicial de la sintaxis y favorece planificación, anticipación y discu sión colaborativa. 12.1 Tablero de navegación • Tablero de 6 × 6 posiciones para actividades de navegación y resolución de misiones. • Tarjetas de Inicio y Fin para delimitar la secuencia. • Tarjetas o comandos para avanzar y girar. • Elementos magnéticos o manipulativos según la actividad. • Validación mediante control infrarrojo en experiencias implementadas', '. coodi_pedagogy NDCC, funciones ejecutivas, pensamiento computacional, evaluación. coodi_hardware Arquitectura física, electrónica, sensores y actuadores. coodi_software Firmware, bloques, programación textual, comunicación y servicios. coodi_activities Cuadernillos, narrativas, talleres, misiones y KODARA. coodi_assessment NeuroCOODI, instrumentos, registros y analítica. coodi_governance Privacidad, ética, seguridad, accesibilidad, mantenimiento. coodi_faq Preguntas frecuentes y respuestas canónicas. 28.1 Audiencias sugeridas • estudiante • docente • facilitador • desarrollador • investigador • apoderado • administrador 29. Estrategia de chunking y metadatos 29.1 Chunking semántico No se recomienda fragmentar únicamente por número fijo de caracteres']","- Concepto Clave: Entorno de programación visual basado en bloques para programar el robot COODI.
- Pasos: 
  1. Accede al entorno de programación visual de COODI.
  2. Selecciona el bloque ""Avanzar"" y ajusta los parámetros de duración y velocidad.
  3. Añade el bloque ""Girar"" y define la dirección y ángulo.
  4. Conecta los bloques en la secuencia deseada.
  5. Ejecuta el programa.
- OA Vinculado: coodi_activities - Cuadernillos, narrativas, talleres, misiones y KODARA.
- Verificación: Observa si COODI avanza y gira según la programación establecida.","El entorno de programación visual con bloques, basado en Blockly, donde se seleccionan bloques de movimiento (por ejemplo ""Avanzar"") y condiciones para construir la secuencia.",0.4444444444444444,0.6073008498015317,1.0,0.9087301587171768,T25,Soporte Tecnico
"¿Cómo se llama el generador de código en la programación visual, y qué información debe conservar?","['. 13.2 Generación de código El generador de código debe conservar correspondencia explícita entre bloque y comportamiento del robot. La documentación técnica debe mantener un catálogo de bloques, parámetros, código generado y versión del firmware compatible. Dato recomendado por bloque Ejemplo block_id coodi_move_forward nombre visible Avanzar parámetros duración, velocidad código generado función o instrucción de movimiento hardware requerido motores DC nivel sugerido inicial/intermedio versión v1.x 14. Programación textual La programación textual permite trabajar directamente con el microcontrolador y los componentes electrónicos. Arduino/C++ es la referencia principal para las versiones basadas en Arduino o ESP32. 14', 'COODI | Documentación integral para corpus RAG Página 10 • Secuenciación. • Predicción de resultados. • Trabajo colaborativo. • Depuración de instrucciones. 13. Programación visual con bloques El entorno visual se concibe como una aplicación web basada en Angular y Blockly. El estudiante construye programas mediante bloques que posteriormente se transforman en código o comandos compatibles con la arquitectura del robot. 13.1 Conceptos que puede representar • Secuencias de movimiento. • Condiciones basadas en sensores. • Ciclos o repeticiones. • Variables. • Eventos. • Funciones o procedimientos. • Acciones de motores, LEDs, buzzer y otros actuadores. 13.2 Generación de código El generador de código debe conservar correspondencia explícita entre bloque y comportamiento del robot', '. Área Recomendación Roles de equipo Rotar programación, construcción, registro, prueba y explicación. Material visual Usar contraste suficiente, iconografía clara y texto legible. Instrucciones Combinar explicaciones orales, visuales y manipulativas. Ritmos de aprendizaje Permitir repetición, ejemplos y niveles de dificultad. Participación Evitar que una sola persona controle permanentemente el robot o computador. Lenguaje Utilizar formulaciones inclusivas y ejemplos diversos. 23. Privacidad, seguridad y ética COODI está dirigido a población infantil, por lo que cualquier tratamiento de datos debe aplicar un estándar reforzado de protección. La recolección de datos no debe asumirse como necesaria para toda actividad; cuando no sea indispensable, debe evitarse. 23', '. Su uso permite que los estudiantes observen inmediatamente el efecto de un algoritmo. 10. Arquitectura computacional y comunicaciones 10.1 Arquitectura por niveles Nivel Responsabilidad Control embebido Lectura de sensores, control de motores, servos, LEDs y buzzer. Programación del usuario Representación del algoritmo mediante tarjetas, bloques o código. Comunicación Transferencia de comandos o sincronización entre módulos cuando corresponde. Aplicaciones complementarias Interfaces educativas, evaluación, chatbot y almacenamiento de resultados.', '. 25.3 Mantenimiento • Revisar conectores y tornillos periódicamente. • Limpiar sensores sin productos abrasivos. • Mantener firmware y aplicación asociados a una versión documentada. • Registrar sustituciones de componentes que alteren el comportamiento. 26. Casos de uso Caso Descripción Componentes Navegación en tablero Programar una ruta desde Inicio hasta Fin evitando obstáculos. Robot, tablero 6×6, tarjetas o bloques. Detección de obstáculos Usar distancia para detener o modificar el recorrido. HC-SR04, motores, condicionales. Misión ambiental Medir temperatura/humedad y relacionar datos con una narrativa ambiental. DHT22, robot, cuadernillo. Patrones e IA Observar pistas y discutir cómo un algoritmo puede identificar regularidades. Material narrativo, sensores o datos de ejemplo', '. Implementado/prototipo Salida Buzzer y LED RGB/matriz RGB según versión. Implementado Ambiente DHT22. Implementado/prototipo IR Control/recepción infrarroja para validación de actividades. Implementado RFID Identificación automática de tarjetas/objetos. Planificado IMU Orientación y movimiento. Planificado Tablero 6 × 6 con Inicio/Fin y comandos de navegación. Implementado en actividades Software visual Angular + Blockly. Prototipo/implementado según versión Texto Arduino/C++. Vigente Evaluación NeuroCOODI: Angular + Node/Express + MySQL; Stroop, Trail Making, Wisconsin, N -back. Prototipo Chatbot COODIBOT con back -end Flask y arquitectura compatible con RAG. Prototipo Conectividad Núcleo educativo offline; servicios complementarios pueden usar red. Principio vigente 33', '. Los niveles no deben entenderse únicamente como una escala de dificultad; también representan diferentes formas de expresar un mismo algoritmo. Modalidad Interfaz Objetivo principal Ejemplos Tangible Tarjetas, tablero y objetos físicos. Comprender secuencia y planificación sin requerir sintaxis. Avanzar, girar, inicio y fin. Visual Bloques gráficos en una aplicación web. Trabajar estructuras de programación con menor carga sintáctica. Secuencias, ciclos, condiciones, sensores. Textual Arduino/C++ u otro código del entorno embebido. Profundizar en variables, funciones, estructuras y control del hardware. digitalWrite, lectura de sensores, funciones de movimiento. 12', '. Progresión La programación puede avanzar desde instrucciones tangibles hacia bloques visuales y luego código textual. Colaboración Los desafíos están diseñados para favorecer planificación y toma de decisiones compartidas. Reflexión La prueba del robot no cierra la actividad; se incorpora análisis del resultado y depuración.', '. Profundizar en variables, funciones, estructuras y control del hardware. digitalWrite, lectura de sensores, funciones de movimiento. 12. Programación tangible y tablero La programación tangible permite que los estudiantes construyan físicamente una secuencia de instrucciones antes de enviarla o representarla en el robot. Esta modalidad reduce la barrera inicial de la sintaxis y favorece planificación, anticipación y discu sión colaborativa. 12.1 Tablero de navegación • Tablero de 6 × 6 posiciones para actividades de navegación y resolución de misiones. • Tarjetas de Inicio y Fin para delimitar la secuencia. • Tarjetas o comandos para avanzar y girar. • Elementos magnéticos o manipulativos según la actividad. • Validación mediante control infrarrojo en experiencias implementadas', 'COODI | Documentación integral para corpus RAG Página 20 32. Ficha maestra de especificaciones Área Especificación consolidada Estado Identidad COODI = COnecta, Observa, Descompone, Innova. Vigente Público Educación básica; foco aproximado 7 –12 años; adaptable 3.º –8.º básico. Vigente Metodología NDCC: Narrativa → Desafío → Construcción → Programación colaborativa → Prueba → Reflexión. Vigente Programación Tangible, visual y textual. Vigente Control inicial Arduino UNO. Implementado Control ampliado ESP32 -WROOM -32 / Raspberry Pi Zero 2W según módulo. Prototipo/planificado Distancia HC-SR04. Implementado Movimiento 2 motores DC y servomotor SG90 según configuración. Implementado/prototipo Salida Buzzer y LED RGB/matriz RGB según versión. Implementado Ambiente DHT22']","- Concepto Clave: Generador de código en programación visual que traduce bloques en instrucciones para el robot.
- Pasos: 
  1. Accede al entorno de programación visual.
  2. Crea un programa utilizando bloques.
  3. Genera el código correspondiente.
  4. Verifica la correspondencia entre bloques y comportamiento del robot.
- OA Vinculado: OA 13.2 - Generación de código: debe conservar correspondencia explícita entre bloque y comportamiento del robot.
- Verificación: Comprueba que el comportamiento del robot coincida con las instrucciones generadas por los bloques.","El generador de código de la programación visual (bloques → código/comandos); debe conservar correspondencia explícita entre cada bloque, sus parámetros, el hardware requerido y la versión de firmware compatible.",0.2222222222222222,0.5761784696966794,1.0,0.8303571428363838,T26,Soporte Tecnico
¿Cuáles son las etapas del modelo pedagógico NDCC?,"['COODI | Documentación integral para corpus RAG Página 5 Contexto Uso esperado Formación docente Demostración de metodologías activas, programación y robótica educativa. Investigación educativa Evaluación de interacción, aprendizaje, funciones ejecutivas y diseño de experiencias. Adaptación por edad. La edad recomendada no debe usarse como una restricción rígida. La selección de actividades depende del nivel de lectura, experiencia previa con programación, objetivos de aprendizaje y acompañamiento docente. 4. Modelo pedagógico NDCC NDCC es el modelo didáctico que organiza las experiencias de COODI. Su secuencia busca conectar una situación significativa con un desafío concreto, una construcción o manipulación, la programación colaborativa, la experimentación y la reflexión', '. Debe responderse indicando que está en fase de prototipo. Planificado Extensión prevista o línea de desarrollo aún no integrada de forma estable. No debe afirmarse como una capacidad disponible. Criterio de consistencia. Ante información contradictoria entre versiones de documentos, debe prevalecer la fuente con mayor versión y fecha, y conservarse el historial de cambios. Índice de contenidos 1. Identidad y propósito de COODI 2. Ecosistema y componentes 3. Público objetivo y contextos de uso 4. Modelo pedagógico NDCC 5. Funciones ejecutivas 6. Pensamiento computacional 7. STEM e Inteligencia Artificial 8. Arquitectura física del robot 9. Electrónica, sensores y actuadores 10. Arquitectura computacional y comunicaciones 11. Entornos de programación 12. Programación tangible y tablero 13', '. Cuadernillo 3: “COODI y la Mente Digital: Explorando las Emociones con STEM e IA” Experiencias para introducir datos, pistas, patrones, emociones e IA desde una perspectiva educativa y responsable. Talleres Cada cuadernillo puede articular una secuencia de talleres o experiencias progresivas. Tarjetas de desafíos y comandos Material manipulativo para planificación y programación. Afiche y certificados Material de apoyo para implementación de talleres y reconocimiento de participación. 15.1 Estructura sugerida de una actividad 1. Objetivo de aprendizaje. 2. Narrativa o situación de inicio. 3. Pregunta de activación. 4. Desafío. 5. Materiales. 6. Construcción o preparación. 7. Programación colaborativa. 8. Prueba con COODI. 9. Registro del resultado. 10. Reflexión y transferencia. 16', '.º y 8.º básico. ¿COODI necesita Internet? Las actividades fundamentales pueden diseñarse para funcionar sin conexión permanente. Algunos servicios complementarios pueden requerir conectividad. ¿Qué formas de programación utiliza? Programación tangible, visual mediante bloques y textual mediante Arduino/C++ u otras herramientas compatibles. ¿Qué es NDCC? Es la secuencia Narrativa → Desafío → Construcción → Programación colaborativa → Prueba → Reflexión. ¿Qué funciones ejecutivas se trabajan? Planificación, memoria de trabajo, control inhibitorio y flexibilidad cognitiva.', '. Prototipo Conectividad Núcleo educativo offline; servicios complementarios pueden usar red. Principio vigente 33. Hoja de ruta documental Para convertir este documento en una base RAG mantenible, se recomienda que cada capítulo se gestione posteriormente como documento independiente con identificador, versión y propietario. El presente archivo cumple la función de documento maestro consolida do. Prioridad Documento derivado recomendado Objetivo Alta COODI -CORE Identidad, propósito, público, ecosistema y NDCC. Alta COODI -HW Hardware, componentes, versiones y estados. Alta COODI -SW Firmware, bloques, código, comunicación y dependencias. Alta COODI -PED Funciones ejecutivas, pensamiento computacional y evaluación. Alta COODI -ACT Cuadernillos, talleres, desafíos y narrativas', '. Dimensión Componentes principales Función Física Robot COODI, tablero, tarjetas, sensores, actuadores, material manipulativo. Permitir interacción tangible, movimiento, percepción y experimentación. Computacional Firmware, programación por bloques, programación textual, comunicación, servicios complementarios. Ejecutar algoritmos, controlar el robot y apoyar experiencias digitales. Pedagógica Modelo NDCC, cuadernillos, narrativas, desafíos, funciones ejecutivas y evaluación. Dar sentido educativo a la interacción tecnológica. 2.1 Componentes del ecosistema • Robot educativo COODI. • Programación tangible mediante tarjetas o comandos físicos. • Entorno de programación visual basado en bloques. • Programación textual para niveles de mayor complejidad. • Tablero de actividades y navegación', '. coodi_pedagogy NDCC, funciones ejecutivas, pensamiento computacional, evaluación. coodi_hardware Arquitectura física, electrónica, sensores y actuadores. coodi_software Firmware, bloques, programación textual, comunicación y servicios. coodi_activities Cuadernillos, narrativas, talleres, misiones y KODARA. coodi_assessment NeuroCOODI, instrumentos, registros y analítica. coodi_governance Privacidad, ética, seguridad, accesibilidad, mantenimiento. coodi_faq Preguntas frecuentes y respuestas canónicas. 28.1 Audiencias sugeridas • estudiante • docente • facilitador • desarrollador • investigador • apoderado • administrador 29. Estrategia de chunking y metadatos 29.1 Chunking semántico No se recomienda fragmentar únicamente por número fijo de caracteres', '. Patrones e IA Observar pistas y discutir cómo un algoritmo puede identificar regularidades. Material narrativo, sensores o datos de ejemplo. Funciones ejecutivas Planificar, ejecutar, detectar error y cambiar estrategia. NDCC, tablero, robot, instrumentos de observación. Programación progresiva Resolver una misma misión primero con tarjetas, luego bloques y finalmente código. Tres entornos de programación. 27. Limitaciones y alcance • COODI es un ecosistema educativo y de investigación; no reemplaza instrumentos clínicos ni diagnósticos. • La configuración de hardware puede variar entre versiones; las respuestas técnicas deben indicar versión y estado', '. • Entorno de programación visual basado en bloques. • Programación textual para niveles de mayor complejidad. • Tablero de actividades y navegación. • Cuadernillos narrativos con desafíos STEM+IA. • NeuroCOODI para evaluación cognitiva y funciones ejecutivas. • COODIBOT como componente conversacional complementario. • Recursos de apoyo docente, instrumentos y materiales de evaluación. 3. Público objetivo y contextos de uso COODI está dirigido principalmente a estudiantes de educación básica. Las actividades se han concebido para rangos aproximados de 7 a 12 años, con adaptaciones que pueden extenderse a niveles entre 3.º y 8.º básico según la complejidad de la experiencia', '..."" } Anexo C. Preguntas de validación del RAG • ¿Qué es COODI y cuál es su propósito educativo? • ¿Qué significa COnecta, Observa, Descompone e Innova? • ¿Cuáles son las etapas del modelo NDCC? • ¿Qué funciones ejecutivas busca trabajar COODI? • ¿Qué formas de programación ofrece el ecosistema? • ¿Qué sensor utiliza COODI para medir distancia? • ¿RFID está implementado o planificado? • ¿COODI necesita conexión a Internet para funcionar? • ¿Qué diferencia existe entre COODI y NeuroCOODI? • ¿Qué es COODIBOT? • ¿Cómo debe explicarse la inferencia de emociones mediante IA a niños? • ¿Qué medidas de privacidad se recomiendan cuando se trabaja con datos infantiles?']","- Concepto Clave: NDCC es un modelo didáctico que organiza experiencias educativas en secuencia.
- Pasos: 
  1. Conecta una situación significativa.
  2. Presenta un desafío concreto.
  3. Realiza una construcción o manipulación.
  4. Fomenta la programación colaborativa.
  5. Lleva a cabo la experimentación.
  6. Reflexiona sobre el proceso.
- OA Vinculado: coodi_pedagogy - Describe el modelo NDCC y sus componentes.
- Verificación: Comprobar si los estudiantes pueden identificar y aplicar cada etapa en una actividad práctica.",Narrativa → Desafío → Construcción → Programación colaborativa → Prueba → Reflexión.,0.8888888888888888,0.7885197588299369,1.0,0.7041666666490625,T27,Soporte Tecnico
¿Qué habilidades de pensamiento computacional se trabajan con COODI?,"['. • Usar rondas de prueba y depuración para observar adaptación de la estrategia. 6. Pensamiento computacional Habilidad Aplicación en COODI Descomposición Dividir una misión en movimientos, decisiones o subproblemas. Reconocimiento de patrones Detectar regularidades en recorridos, datos de sensores o comportamientos. Abstracción Identificar información relevante y descartar detalles que no afectan la solución. Algoritmos Crear una secuencia ordenada y reproducible de instrucciones. Evaluación Comparar el comportamiento obtenido con el comportamiento esperado. Depuración Localizar y corregir errores en la solución. La progresión de COODI facilita representar un mismo algoritmo en diferentes niveles: físicamente mediante tarjetas, visualmente mediante bloques y textualmente mediante código', '. COODIBOT Componente conversacional del ecosistema COODI. Depuración Proceso de identificar y corregir errores en un programa o solución. Funciones ejecutivas Procesos cognitivos de control como planificación, memoria de trabajo, inhibición y flexibilidad. HC-SR04 Sensor ultrasónico utilizado para medir distancia. IA Inteligencia Artificial; sistemas capaces de realizar tareas como clasificación, predicción o reconocimiento de patrones a partir de reglas o datos. KODARA Propuesta lúdica de Código, Descubrir y Razonar asociada al ecosistema. NDCC Modelo: Narrativa, Desafío, Construcción, Programación colaborativa, Prueba y Reflexión. NeuroCOODI Plataforma complementaria de evaluación cognitiva escolar', '. NeuroCOODI Plataforma complementaria de evaluación cognitiva escolar. Pensamiento computacional Conjunto de estrategias para formular y resolver problemas mediante descomposición, patrones, abstracción, algoritmos y depuración. RAG Retrieval -Augmented Generation; arquitectura que recupera información de una base documental antes de generar una respuesta. RFID Tecnología de identificación por radiofrecuencia considerada para reconocer tarjetas u objetos. Sensor Componente que obtiene información del entorno y la transforma en una señal o dato. STEM Integración de ciencia, tecnología, ingeniería y matemática.', '. coodi_pedagogy NDCC, funciones ejecutivas, pensamiento computacional, evaluación. coodi_hardware Arquitectura física, electrónica, sensores y actuadores. coodi_software Firmware, bloques, programación textual, comunicación y servicios. coodi_activities Cuadernillos, narrativas, talleres, misiones y KODARA. coodi_assessment NeuroCOODI, instrumentos, registros y analítica. coodi_governance Privacidad, ética, seguridad, accesibilidad, mantenimiento. coodi_faq Preguntas frecuentes y respuestas canónicas. 28.1 Audiencias sugeridas • estudiante • docente • facilitador • desarrollador • investigador • apoderado • administrador 29. Estrategia de chunking y metadatos 29.1 Chunking semántico No se recomienda fragmentar únicamente por número fijo de caracteres', '. Alta COODI -PED Funciones ejecutivas, pensamiento computacional y evaluación. Alta COODI -ACT Cuadernillos, talleres, desafíos y narrativas. Media COODI -PRIV Privacidad, ética, seguridad y datos infantiles. Media COODI -FAQ Preguntas canónicas para estudiantes, docentes y familias. Media COODI -OPS Instalación, mantenimiento y solución de problemas.', 'COODI | Documentación integral para corpus RAG Página 13 18.2 Pruebas consideradas Prueba Variable o proceso de interés Stroop Control inhibitorio, precisión y tiempos de respuesta. Trail Making Secuenciación, atención, velocidad y errores. Wisconsin Card Sorting Flexibilidad cognitiva y cambio de regla. N-back Memoria de trabajo. Alcance. NeuroCOODI debe presentarse como herramienta educativa/investigativa y no como sistema de diagnóstico clínico. 19. COODIBOT COODIBOT es el componente conversacional del ecosistema. Su función puede incluir orientación, respuestas sobre actividades o apoyo a la interacción con recursos educativos. Las implementaciones han considerado un back -end Flask y servicios de modelos de l enguaje. 19', '. Patrones e IA Observar pistas y discutir cómo un algoritmo puede identificar regularidades. Material narrativo, sensores o datos de ejemplo. Funciones ejecutivas Planificar, ejecutar, detectar error y cambiar estrategia. NDCC, tablero, robot, instrumentos de observación. Programación progresiva Resolver una misma misión primero con tarjetas, luego bloques y finalmente código. Tres entornos de programación. 27. Limitaciones y alcance • COODI es un ecosistema educativo y de investigación; no reemplaza instrumentos clínicos ni diagnósticos. • La configuración de hardware puede variar entre versiones; las respuestas técnicas deben indicar versión y estado', 'COODI | Documentación integral para corpus RAG Página 7 Área Ejemplos de integración Ciencia Variables ambientales, sensores, observación de fenómenos y registro de datos. Tecnología Programación, electrónica, interfaces y comunicación. Ingeniería Diseño, construcción, iteración, restricciones y solución de problemas. Matemática Distancia, orientación, secuencias, estimación, coordenadas y patrones. 7.2 Inteligencia Artificial para niños En los materiales de COODI, la Inteligencia Artificial debe explicarse de manera precisa y comprensible. Un sistema de IA puede utilizar datos para identificar patrones y producir estimaciones o decisiones, pero esto no implica que comprenda emociones, int enciones o situaciones de la misma forma que una persona. Regla conceptual para materiales infantiles', '. • Entorno de programación visual basado en bloques. • Programación textual para niveles de mayor complejidad. • Tablero de actividades y navegación. • Cuadernillos narrativos con desafíos STEM+IA. • NeuroCOODI para evaluación cognitiva y funciones ejecutivas. • COODIBOT como componente conversacional complementario. • Recursos de apoyo docente, instrumentos y materiales de evaluación. 3. Público objetivo y contextos de uso COODI está dirigido principalmente a estudiantes de educación básica. Las actividades se han concebido para rangos aproximados de 7 a 12 años, con adaptaciones que pueden extenderse a niveles entre 3.º y 8.º básico según la complejidad de la experiencia', '. Etapa Propósito Ejemplo con COODI Narrativa Contextualizar la experiencia y generar motivación. COODI debe completar una misión en Marte o resolver una situación ambiental. Desafío Definir el problema o meta a alcanzar. Llegar a una zona del tablero evitando obstáculos. Construcción Preparar materiales, recorrido o componentes requeridos. Ubicar tarjetas, obstáculos, sensores o elementos del escenario. Programación colaborativa Diseñar en equipo la secuencia o algoritmo. Seleccionar movimientos, condiciones o bloques. Prueba Ejecutar el programa y observar el comportamiento. COODI realiza el recorrido. Reflexión Analizar errores, estrategias, aprendizaje y alternativas. Comparar el resultado con la planificación y depurar el algoritmo. 4']","- Concepto Clave: El pensamiento computacional incluye estrategias para resolver problemas mediante descomposición, patrones, abstracción, algoritmos y depuración.
  
- Pasos: 
  1. Identifica un problema a resolver.
  2. Descompón el problema en partes más pequeñas.
  3. Busca patrones en los datos o comportamientos.
  4. Crea un algoritmo para la solución.
  5. Ejecuta y depura el algoritmo.

- OA Vinculado: coodi_pedagogy - Incluye funciones ejecutivas, pensamiento computacional y evaluación.

- Verificación: Compara el comportamiento obtenido con el esperado y ajusta el algoritmo según sea necesario.","Descomposición, reconocimiento de patrones, abstracción, algoritmos, evaluación y depuración.",0.5625,0.4684125178920817,1.0,0.99999999999,T28,Soporte Tecnico
¿Qué rol cumple el error dentro de una actividad con COODI?,"['. Alta COODI -PED Funciones ejecutivas, pensamiento computacional y evaluación. Alta COODI -ACT Cuadernillos, talleres, desafíos y narrativas. Media COODI -PRIV Privacidad, ética, seguridad y datos infantiles. Media COODI -FAQ Preguntas canónicas para estudiantes, docentes y familias. Media COODI -OPS Instalación, mantenimiento y solución de problemas.', '. COODIBOT Componente conversacional del ecosistema COODI. Depuración Proceso de identificar y corregir errores en un programa o solución. Funciones ejecutivas Procesos cognitivos de control como planificación, memoria de trabajo, inhibición y flexibilidad. HC-SR04 Sensor ultrasónico utilizado para medir distancia. IA Inteligencia Artificial; sistemas capaces de realizar tareas como clasificación, predicción o reconocimiento de patrones a partir de reglas o datos. KODARA Propuesta lúdica de Código, Descubrir y Razonar asociada al ecosistema. NDCC Modelo: Narrativa, Desafío, Construcción, Programación colaborativa, Prueba y Reflexión. NeuroCOODI Plataforma complementaria de evaluación cognitiva escolar', 'COODI | Documentación integral para corpus RAG Página 6 5. Funciones ejecutivas Las actividades con COODI pueden diseñarse para estimular procesos asociados a las funciones ejecutivas. COODI no se presenta como instrumento clínico; su uso se sitúa en experiencias educativas y, cuando corresponde, en evaluación investigativa con instru mentos definidos. Función ejecutiva Manifestación en una actividad COODI Ejemplo de evidencia observable Planificación Definir pasos antes de ejecutar. El estudiante anticipa la ruta y ordena comandos. Memoria de trabajo Mantener y manipular información relevante. Recuerda posición, meta y reglas mientras ajusta la secuencia. Control inhibitorio Evitar una respuesta impulsiva y comprobar antes de ejecutar. Revisa el algoritmo en lugar de iniciar de inmediato', 'COODI | Documentación integral para corpus RAG Página 13 18.2 Pruebas consideradas Prueba Variable o proceso de interés Stroop Control inhibitorio, precisión y tiempos de respuesta. Trail Making Secuenciación, atención, velocidad y errores. Wisconsin Card Sorting Flexibilidad cognitiva y cambio de regla. N-back Memoria de trabajo. Alcance. NeuroCOODI debe presentarse como herramienta educativa/investigativa y no como sistema de diagnóstico clínico. 19. COODIBOT COODIBOT es el componente conversacional del ecosistema. Su función puede incluir orientación, respuestas sobre actividades o apoyo a la interacción con recursos educativos. Las implementaciones han considerado un back -end Flask y servicios de modelos de l enguaje. 19', '. coodi_pedagogy NDCC, funciones ejecutivas, pensamiento computacional, evaluación. coodi_hardware Arquitectura física, electrónica, sensores y actuadores. coodi_software Firmware, bloques, programación textual, comunicación y servicios. coodi_activities Cuadernillos, narrativas, talleres, misiones y KODARA. coodi_assessment NeuroCOODI, instrumentos, registros y analítica. coodi_governance Privacidad, ética, seguridad, accesibilidad, mantenimiento. coodi_faq Preguntas frecuentes y respuestas canónicas. 28.1 Audiencias sugeridas • estudiante • docente • facilitador • desarrollador • investigador • apoderado • administrador 29. Estrategia de chunking y metadatos 29.1 Chunking semántico No se recomienda fragmentar únicamente por número fijo de caracteres', '. Etapa Propósito Ejemplo con COODI Narrativa Contextualizar la experiencia y generar motivación. COODI debe completar una misión en Marte o resolver una situación ambiental. Desafío Definir el problema o meta a alcanzar. Llegar a una zona del tablero evitando obstáculos. Construcción Preparar materiales, recorrido o componentes requeridos. Ubicar tarjetas, obstáculos, sensores o elementos del escenario. Programación colaborativa Diseñar en equipo la secuencia o algoritmo. Seleccionar movimientos, condiciones o bloques. Prueba Ejecutar el programa y observar el comportamiento. COODI realiza el recorrido. Reflexión Analizar errores, estrategias, aprendizaje y alternativas. Comparar el resultado con la planificación y depurar el algoritmo. 4', '. Reflexión Analizar errores, estrategias, aprendizaje y alternativas. Comparar el resultado con la planificación y depurar el algoritmo. 4.1 Rol del error En COODI, un resultado inesperado se considera una oportunidad de depuración. La actividad debe permitir que el estudiante identifique qué parte de la secuencia, condición, estimación o planificación produjo el resultado y proponga una modificación. 4.2 Rol docente • Presentar el contexto y aclarar el objetivo sin entregar directamente la solución. • Promover verbalización de la estrategia antes de programar. • Formular preguntas que apoyen planificación y reflexión. • Permitir ciclos de prueba y mejora. • Favorecer participación equilibrada dentro de los equipos. • Relacionar la actividad con los conceptos curriculares definidos.', 'COODI | Documentación integral para corpus RAG Página 14 20.1 Diseño pre/post Cuando se realicen estudios de intervención, pueden utilizarse instrumentos pre/post y registros de actividad. Los datos de niños deben manejarse mediante protocolos éticos, minimización de datos, consentimiento de responsables y asentimiento cuando corres ponda. 21. Sostenibilidad y tecnología verde COODI incorpora sostenibilidad tanto como tema educativo como criterio de uso responsable de la tecnología. Las narrativas pueden abordar cambio climático, variables ambientales y decisiones de consumo energético. • Utilizar sensores ambientales para observar condiciones del entorno. • Promover el apagado o suspensión de componentes inactivos cuando sea técnicamente posible', 'COODI | Documentación integral para corpus RAG Página 22 Anexo A. Plantilla de metadatos por documento Campo Ejemplo id COODI -07 titulo Sensores y actuadores de COODI categoria hardware subcategoria sensores audiencia docente; estudiante; desarrollador nivel_educativo educacion_basica edad_recomendada 7-12 version 1.0 estado_documento vigente estado_funcional implemented / prototype / planned fecha_actualizacion 2026 -08-25 keywords sensor; ultrasonido; RFID; motores; servo source_type documentacion_oficial Anexo B', '. 20. Evaluación y analítica educativa La evaluación en COODI puede abordar tanto el producto de la actividad como el proceso. El interés no se limita a verificar si el robot llegó a la meta, sino también a analizar planificación, colaboración, explicación, depuración y transferencia del aprend izaje. Dimensión Indicadores posibles Algoritmo Secuencia correcta, uso de condiciones, eficiencia, depuración. Resolución de problemas Identificación del problema, estrategia y ajuste de la solución. Funciones ejecutivas Planificación, control de impulsividad, mantenimiento de reglas, flexibilidad. Colaboración Participación, comunicación, distribución de roles y toma de decisiones. STEM Comprensión de conceptos, medición, interpretación de datos y aplicación']","- Concepto Clave: El error se considera una oportunidad de depuración en actividades con COODI.
- Pasos: 1. Identifica el resultado inesperado. 2. Analiza qué parte de la secuencia causó el error. 3. Propón modificaciones para mejorar el algoritmo. 4. Ejecuta nuevamente el programa.
- OA Vinculado: coodi_pedagogy - NDCC, funciones ejecutivas, pensamiento computacional, evaluación.
- Verificación: Compara el nuevo resultado con la planificación inicial y observa si se han corregido los errores.","El error se entiende como una oportunidad de depuración: el estudiante debe identificar qué parte de la secuencia, condición o planificación produjo el resultado inesperado y proponer una modificación, no como un fracaso de la actividad.",1.0,0.7377452674156032,1.0,0.5476190476080952,T29,Soporte Tecnico
"Antes de una actividad crítica con COODI, ¿qué revisiones de seguridad debo hacer como docente?","['. Alta COODI -PED Funciones ejecutivas, pensamiento computacional y evaluación. Alta COODI -ACT Cuadernillos, talleres, desafíos y narrativas. Media COODI -PRIV Privacidad, ética, seguridad y datos infantiles. Media COODI -FAQ Preguntas canónicas para estudiantes, docentes y familias. Media COODI -OPS Instalación, mantenimiento y solución de problemas.', 'COODI | Documentación integral para corpus RAG Página 5 Contexto Uso esperado Formación docente Demostración de metodologías activas, programación y robótica educativa. Investigación educativa Evaluación de interacción, aprendizaje, funciones ejecutivas y diseño de experiencias. Adaptación por edad. La edad recomendada no debe usarse como una restricción rígida. La selección de actividades depende del nivel de lectura, experiencia previa con programación, objetivos de aprendizaje y acompañamiento docente. 4. Modelo pedagógico NDCC NDCC es el modelo didáctico que organiza las experiencias de COODI. Su secuencia busca conectar una situación significativa con un desafío concreto, una construcción o manipulación, la programación colaborativa, la experimentación y la reflexión', '. coodi_pedagogy NDCC, funciones ejecutivas, pensamiento computacional, evaluación. coodi_hardware Arquitectura física, electrónica, sensores y actuadores. coodi_software Firmware, bloques, programación textual, comunicación y servicios. coodi_activities Cuadernillos, narrativas, talleres, misiones y KODARA. coodi_assessment NeuroCOODI, instrumentos, registros y analítica. coodi_governance Privacidad, ética, seguridad, accesibilidad, mantenimiento. coodi_faq Preguntas frecuentes y respuestas canónicas. 28.1 Audiencias sugeridas • estudiante • docente • facilitador • desarrollador • investigador • apoderado • administrador 29. Estrategia de chunking y metadatos 29.1 Chunking semántico No se recomienda fragmentar únicamente por número fijo de caracteres', 'COODI | Documentación integral para corpus RAG Página 14 20.1 Diseño pre/post Cuando se realicen estudios de intervención, pueden utilizarse instrumentos pre/post y registros de actividad. Los datos de niños deben manejarse mediante protocolos éticos, minimización de datos, consentimiento de responsables y asentimiento cuando corres ponda. 21. Sostenibilidad y tecnología verde COODI incorpora sostenibilidad tanto como tema educativo como criterio de uso responsable de la tecnología. Las narrativas pueden abordar cambio climático, variables ambientales y decisiones de consumo energético. • Utilizar sensores ambientales para observar condiciones del entorno. • Promover el apagado o suspensión de componentes inactivos cuando sea técnicamente posible', '. Reflexión Analizar errores, estrategias, aprendizaje y alternativas. Comparar el resultado con la planificación y depurar el algoritmo. 4.1 Rol del error En COODI, un resultado inesperado se considera una oportunidad de depuración. La actividad debe permitir que el estudiante identifique qué parte de la secuencia, condición, estimación o planificación produjo el resultado y proponga una modificación. 4.2 Rol docente • Presentar el contexto y aclarar el objetivo sin entregar directamente la solución. • Promover verbalización de la estrategia antes de programar. • Formular preguntas que apoyen planificación y reflexión. • Permitir ciclos de prueba y mejora. • Favorecer participación equilibrada dentro de los equipos. • Relacionar la actividad con los conceptos curriculares definidos.', 'COODI | Documentación integral para corpus RAG Página 13 18.2 Pruebas consideradas Prueba Variable o proceso de interés Stroop Control inhibitorio, precisión y tiempos de respuesta. Trail Making Secuenciación, atención, velocidad y errores. Wisconsin Card Sorting Flexibilidad cognitiva y cambio de regla. N-back Memoria de trabajo. Alcance. NeuroCOODI debe presentarse como herramienta educativa/investigativa y no como sistema de diagnóstico clínico. 19. COODIBOT COODIBOT es el componente conversacional del ecosistema. Su función puede incluir orientación, respuestas sobre actividades o apoyo a la interacción con recursos educativos. Las implementaciones han considerado un back -end Flask y servicios de modelos de l enguaje. 19', '. 20. Evaluación y analítica educativa La evaluación en COODI puede abordar tanto el producto de la actividad como el proceso. El interés no se limita a verificar si el robot llegó a la meta, sino también a analizar planificación, colaboración, explicación, depuración y transferencia del aprend izaje. Dimensión Indicadores posibles Algoritmo Secuencia correcta, uso de condiciones, eficiencia, depuración. Resolución de problemas Identificación del problema, estrategia y ajuste de la solución. Funciones ejecutivas Planificación, control de impulsividad, mantenimiento de reglas, flexibilidad. Colaboración Participación, comunicación, distribución de roles y toma de decisiones. STEM Comprensión de conceptos, medición, interpretación de datos y aplicación', 'COODI | Documentación integral para corpus RAG Página 16 25. Operación, mantenimiento y seguridad física 25.1 Revisión previa • Verificar integridad de piezas impresas y fijaciones. • Comprobar cableado y ausencia de conductores expuestos. • Revisar baterías y alimentación antes del uso. • Confirmar que ruedas, motores y servos se mueven sin obstrucciones. • Probar sensores antes de iniciar una actividad crítica. 25.2 Durante el uso • Evitar introducir dedos u objetos en partes móviles. • No usar el robot cerca de líquidos salvo actividades específicamente diseñadas y protegidas. • Mantener supervisión adulta cuando corresponda. • Detener el robot ante ruido mecánico, sobrecalentamiento o comportamiento anómalo. 25.3 Mantenimiento • Revisar conectores y tornillos periódicamente', '. • Entorno de programación visual basado en bloques. • Programación textual para niveles de mayor complejidad. • Tablero de actividades y navegación. • Cuadernillos narrativos con desafíos STEM+IA. • NeuroCOODI para evaluación cognitiva y funciones ejecutivas. • COODIBOT como componente conversacional complementario. • Recursos de apoyo docente, instrumentos y materiales de evaluación. 3. Público objetivo y contextos de uso COODI está dirigido principalmente a estudiantes de educación básica. Las actividades se han concebido para rangos aproximados de 7 a 12 años, con adaptaciones que pueden extenderse a niveles entre 3.º y 8.º básico según la complejidad de la experiencia', '. Área Recomendación Roles de equipo Rotar programación, construcción, registro, prueba y explicación. Material visual Usar contraste suficiente, iconografía clara y texto legible. Instrucciones Combinar explicaciones orales, visuales y manipulativas. Ritmos de aprendizaje Permitir repetición, ejemplos y niveles de dificultad. Participación Evitar que una sola persona controle permanentemente el robot o computador. Lenguaje Utilizar formulaciones inclusivas y ejemplos diversos. 23. Privacidad, seguridad y ética COODI está dirigido a población infantil, por lo que cualquier tratamiento de datos debe aplicar un estándar reforzado de protección. La recolección de datos no debe asumirse como necesaria para toda actividad; cuando no sea indispensable, debe evitarse. 23']","- Concepto Clave: (Revisiones de seguridad previas a actividades con COODI)
- Pasos: 
  1. Verifica la integridad de piezas impresas y fijaciones.
  2. Comprueba el cableado y la ausencia de conductores expuestos.
  3. Revisa las baterías y la alimentación antes del uso.
  4. Confirma que ruedas, motores y servos se mueven sin obstrucciones.
  5. Prueba los sensores antes de iniciar la actividad.
- OA Vinculado: coodi_governance (Privacidad, ética, seguridad, accesibilidad, mantenimiento).
- Verificación: (Asegúrate de que todos los componentes funcionen correctamente y no presenten riesgos antes de comenzar la actividad).","Verificar integridad de piezas impresas y fijaciones, comprobar cableado sin conductores expuestos, revisar batería/alimentación, confirmar que ruedas/motores/servos se mueven sin obstrucciones, y probar los sensores antes de iniciar la actividad.",0.875,0.6386702012560947,1.0,0.1249999999875,T30,Soporte Tecnico
"Tengo una clase de 1° básico y quiero trabajar el OA de Tecnología sobre crear diseños representando ideas en dibujos, ¿qué actividad puedo hacer con COODI?","['Tecnología195 diseñar, hacer y probar1 Crear diseños de objetos tecnológicos, representando sus ideas a través de dibujos a mano alzada o modelos concretos, desde ámbitos cercanos y tópicos de otras asignaturas, con orientación del profesor. 2 Organizar las tareas para elaborar un objeto tecnológico, distinguiendo las acciones, los materiales y las herramientas necesarias para lograr el resultado deseado', 'Tecnología191 diseñar, hacer y probar1 Crear diseños de objetos tecnológicos, representando sus ideas a través de dibujos a mano alzada o modelos concretos, desde sus propias experiencias y tópicos de otras asignaturas, con orientación del profesor. 2 Distinguir las tareas para elaborar un objeto tecnológico, identificando los materiales y las herramientas necesarias en cada una de ellas para lograr el resultado deseado', 'Tecnología199 diseñar, hacer y probar1 Crear diseños de objetos o sistemas tecnológicos simples para resolver proble- mas: ú desde diversos ámbitos tecnológicos y tópicos de otras asignaturas ú representando sus ideas a través de dibujos a mano alzada, modelos concre-tos o usando TIC ú explorando y combinando productos existentes 2 Planificar la elaboración de un objeto tecnológico, incorporando la secuencia de acciones, materiales, herramientas, técnicas y medidas de seguridad nece-sarias para lograr el resultado deseado', 'Tecnología203 diseñar, hacer y probar1 Crear diseños de objetos o sistemas tecnológicos simples para resolver proble- mas: ú desde diversos ámbitos tecnológicos y tópicos de otras asignaturas ú representando sus ideas a través de dibujos a mano alzada, dibujo técnico o usando TIC ú explorando y transformando productos existentes 2 Planificar la elaboración de un objeto tecnológico, incorporando la secuencia de acciones, materiales, herramientas, técnicas y medidas de seguridad nece-sarias para lograr el resultado deseado, y discutiendo las implicancias ambien-tales de los recursos utilizados', '. 3 Elaborar un objeto tecnológico según las indicaciones del profesor, seleccio-nando y experimentando con: ú técnicas y herramientas para medir, cortar, plegar, unir, pegar, pintar, entre otras ú materiales como papeles, fibras, plásticos, desechos, entre otros 4 Probar y explicar los resultados de los trabajos propios y de otros, de forma in-dividual o en equipos, dialogando sobre sus ideas e identificando lo que podría hacerse de otra manera. Tecnologías de la Información y la Comunicación5 Usar software de dibujo para crear y representar ideas por medio de imágenes, guiados por el docente', 'Tecnología207 diseñar, hacer y probar1 Crear diseños de objetos o sistemas tecnológicos para resolver problemas o aprovechar oportunidades: ú desde diversos ámbitos tecnológicos y tópicos de otras asignaturas ú representando sus ideas a través de dibujos a mano alzada, dibujo técnico o usando TIC ú analizando y modificando productos 2 Planificar la elaboración de objetos tecnológicos, incorporando la secuencia de acciones, materiales, herramientas, técnicas y medidas de seguridad necesa-rias o alternativas para lograr el resultado deseado, discutiendo las implicancias ambientales y sociales de los recursos utilizados', '. 3 Elaborar un objeto tecnológico según las indicaciones del profesor, seleccio-nando y experimentando con: ú técnicas y herramientas para medir, cortar, plegar, unir, pegar, pintar, entre otras ú materiales como papeles, fibras, plásticos, desechos, entre otros 4 Probar y explicar los resultados de los trabajos propios y de otros, de forma individual o en equipos, dialogando sobre sus ideas y señalando cómo podría mejorar el trabajo en el futuro. Tecnologías de la Información y la Comunicación5 Usar software de dibujo para crear y representar diferentes ideas por medio de imágenes. 6 Usar procesador de textos para crear, editar y guardar información. 7 Usar internet para acceder y extraer información siguiendo las indicaciones del profesor y considerando la seguridad de la fuente', 'Tecnología211 diseñar, hacer y probar1 Crear diseños de objetos y sistemas tecnológicos para resolver problemas o aprovechar oportunidades: ú desde diversos ámbitos tecnológicos determinados y tópicos de otras asig-naturas ú representando sus ideas a través de dibujos a mano alzada, dibujo técnico o usando TIC ú innovando con productos 2 Planificar la elaboración de objetos o servicios tecnológicos, incorporando la secuencia de acciones, tiempos, costos y recursos necesarios o alternativos para lograr el resultado deseado, y discutiendo las implicancias ambientales y sociales de los elementos considerados', '. 3 Elaborar un objeto tecnológico para resolver problemas, seleccionando y de-mostrando dominio de: ú técnicas y herramientas para medir, marcar, cortar, plegar, unir, pegar, pintar, entre otras ú materiales como papeles, cartones, fibras, plásticos, cerámicos, desechos, entre otros 4 Probar y evaluar la calidad de los trabajos propios o de otros, de forma indivi-dual o en equipos, aplicando criterios técnicos, medioambientales y de seguri-dad y dialogando sobre sus resultados e ideas de mejoramiento. Tecnologías de la Información y la Comunicación5 Usar software de presentación para organizar y comunicar ideas con diferentes propósitos. 6 Usar procesador de textos para crear, editar, dar formato y guardar informa-ción', '. Para facilitar la concreción de las propuestas, se desarrollarán estrategias básicas de exploración, investigación, análisis, evaluación y comunicación de ideas, principalmente por medio del lenguaje gráfico. En los primeros años, se espera que creen diseños de objetos desde sus propias experiencias, con la permanente ayuda del profesor. A medida que transcurre el ciclo, deberán proponer modificaciones en el diseño de productos ya existentes, de modo que puedan resolver problemas específicos. En este proceso, deberán incorporar paulatinamente las herramientas que proveen las TIC. HACEr Este eje incluye las destrezas y habilidades que se espera que los estudiantes desarrollen en cada fase del proceso de elaboración física y concreta de los objetos tecnoló-gicos que han diseñado']","- Concepto Clave: Crear diseños de objetos tecnológicos mediante dibujos a mano alzada.
- Pasos: 
  1. Explica a los estudiantes qué es un objeto tecnológico.
  2. Pide que piensen en un objeto que les gustaría diseñar.
  3. Proporciona papel y lápices para que dibujen su diseño.
  4. Anima a los estudiantes a compartir sus dibujos con la clase.
- OA Vinculado: Tecnología191 - Crear diseños de objetos tecnológicos desde sus experiencias.
- Verificación: Observa si los estudiantes pueden explicar su diseño y cómo representa su idea.","Concepto Clave: TE01 OA01 busca que el estudiante cree diseños de objetos tecnológicos representando sus ideas mediante dibujos. Pasos: 1) Pide a los estudiantes dibujar a mano alzada cómo imaginan la estructura interna y los componentes de COODI antes de usarlo. 2) Compara los dibujos con el robot real. OA vinculado: TE01 OA01, Tecnología, 1° Básico. Verificación: cada estudiante entrega un dibujo con al menos los componentes principales identificados.",0.42857142857142855,0.4324793012110497,0.4,0.99999999999,C01,Articulacion Curricular
¿Cómo puedo usar COODI para trabajar patrones repetitivos con mis estudiantes de 1° básico?,"['. Patrones e IA Observar pistas y discutir cómo un algoritmo puede identificar regularidades. Material narrativo, sensores o datos de ejemplo. Funciones ejecutivas Planificar, ejecutar, detectar error y cambiar estrategia. NDCC, tablero, robot, instrumentos de observación. Programación progresiva Resolver una misma misión primero con tarjetas, luego bloques y finalmente código. Tres entornos de programación. 27. Limitaciones y alcance • COODI es un ecosistema educativo y de investigación; no reemplaza instrumentos clínicos ni diagnósticos. • La configuración de hardware puede variar entre versiones; las respuestas técnicas deben indicar versión y estado', '. • Entorno de programación visual basado en bloques. • Programación textual para niveles de mayor complejidad. • Tablero de actividades y navegación. • Cuadernillos narrativos con desafíos STEM+IA. • NeuroCOODI para evaluación cognitiva y funciones ejecutivas. • COODIBOT como componente conversacional complementario. • Recursos de apoyo docente, instrumentos y materiales de evaluación. 3. Público objetivo y contextos de uso COODI está dirigido principalmente a estudiantes de educación básica. Las actividades se han concebido para rangos aproximados de 7 a 12 años, con adaptaciones que pueden extenderse a niveles entre 3.º y 8.º básico según la complejidad de la experiencia', '. Alta COODI -PED Funciones ejecutivas, pensamiento computacional y evaluación. Alta COODI -ACT Cuadernillos, talleres, desafíos y narrativas. Media COODI -PRIV Privacidad, ética, seguridad y datos infantiles. Media COODI -FAQ Preguntas canónicas para estudiantes, docentes y familias. Media COODI -OPS Instalación, mantenimiento y solución de problemas.', 'COODI | Documentación integral para corpus RAG Página 20 32. Ficha maestra de especificaciones Área Especificación consolidada Estado Identidad COODI = COnecta, Observa, Descompone, Innova. Vigente Público Educación básica; foco aproximado 7 –12 años; adaptable 3.º –8.º básico. Vigente Metodología NDCC: Narrativa → Desafío → Construcción → Programación colaborativa → Prueba → Reflexión. Vigente Programación Tangible, visual y textual. Vigente Control inicial Arduino UNO. Implementado Control ampliado ESP32 -WROOM -32 / Raspberry Pi Zero 2W según módulo. Prototipo/planificado Distancia HC-SR04. Implementado Movimiento 2 motores DC y servomotor SG90 según configuración. Implementado/prototipo Salida Buzzer y LED RGB/matriz RGB según versión. Implementado Ambiente DHT22', '. coodi_pedagogy NDCC, funciones ejecutivas, pensamiento computacional, evaluación. coodi_hardware Arquitectura física, electrónica, sensores y actuadores. coodi_software Firmware, bloques, programación textual, comunicación y servicios. coodi_activities Cuadernillos, narrativas, talleres, misiones y KODARA. coodi_assessment NeuroCOODI, instrumentos, registros y analítica. coodi_governance Privacidad, ética, seguridad, accesibilidad, mantenimiento. coodi_faq Preguntas frecuentes y respuestas canónicas. 28.1 Audiencias sugeridas • estudiante • docente • facilitador • desarrollador • investigador • apoderado • administrador 29. Estrategia de chunking y metadatos 29.1 Chunking semántico No se recomienda fragmentar únicamente por número fijo de caracteres', 'COODI | Documentación integral para corpus RAG Página 13 18.2 Pruebas consideradas Prueba Variable o proceso de interés Stroop Control inhibitorio, precisión y tiempos de respuesta. Trail Making Secuenciación, atención, velocidad y errores. Wisconsin Card Sorting Flexibilidad cognitiva y cambio de regla. N-back Memoria de trabajo. Alcance. NeuroCOODI debe presentarse como herramienta educativa/investigativa y no como sistema de diagnóstico clínico. 19. COODIBOT COODIBOT es el componente conversacional del ecosistema. Su función puede incluir orientación, respuestas sobre actividades o apoyo a la interacción con recursos educativos. Las implementaciones han considerado un back -end Flask y servicios de modelos de l enguaje. 19', '228 Bases Curriculares Ú 1º a 6º Básico Patrones y álgebra11 Reconocer, describir, crear y continuar patrones repetitivos (sonidos, figuras, rit- mos...) y patrones numéricos hasta el 20, crecientes y decrecientes, usando mate-rial concreto, pictórico y simbólico, de manera manual y/o por medio de software educativo. 12 Describir y registrar la igualdad y la desigualdad como equilibrio y desequilibrio, usando una balanza en forma concreta, pictórica y simbólica del 0 al 20, usando el símbolo igual (=). Geometría 13 Describir la posición de objetos y personas con relación a sí mismos y a otros obje-tos y personas, usando un lenguaje común (como derecha e izquierda). 14 Identificar en el entorno figuras 3D y figuras 2D y relacionarlas, usando material concreto', 'COODI | Documentación integral para corpus RAG Página 5 Contexto Uso esperado Formación docente Demostración de metodologías activas, programación y robótica educativa. Investigación educativa Evaluación de interacción, aprendizaje, funciones ejecutivas y diseño de experiencias. Adaptación por edad. La edad recomendada no debe usarse como una restricción rígida. La selección de actividades depende del nivel de lectura, experiencia previa con programación, objetivos de aprendizaje y acompañamiento docente. 4. Modelo pedagógico NDCC NDCC es el modelo didáctico que organiza las experiencias de COODI. Su secuencia busca conectar una situación significativa con un desafío concreto, una construcción o manipulación, la programación colaborativa, la experimentación y la reflexión', '. Área Recomendación Roles de equipo Rotar programación, construcción, registro, prueba y explicación. Material visual Usar contraste suficiente, iconografía clara y texto legible. Instrucciones Combinar explicaciones orales, visuales y manipulativas. Ritmos de aprendizaje Permitir repetición, ejemplos y niveles de dificultad. Participación Evitar que una sola persona controle permanentemente el robot o computador. Lenguaje Utilizar formulaciones inclusivas y ejemplos diversos. 23. Privacidad, seguridad y ética COODI está dirigido a población infantil, por lo que cualquier tratamiento de datos debe aplicar un estándar reforzado de protección. La recolección de datos no debe asumirse como necesaria para toda actividad; cuando no sea indispensable, debe evitarse. 23', '. COODIBOT Componente conversacional del ecosistema COODI. Depuración Proceso de identificar y corregir errores en un programa o solución. Funciones ejecutivas Procesos cognitivos de control como planificación, memoria de trabajo, inhibición y flexibilidad. HC-SR04 Sensor ultrasónico utilizado para medir distancia. IA Inteligencia Artificial; sistemas capaces de realizar tareas como clasificación, predicción o reconocimiento de patrones a partir de reglas o datos. KODARA Propuesta lúdica de Código, Descubrir y Razonar asociada al ecosistema. NDCC Modelo: Narrativa, Desafío, Construcción, Programación colaborativa, Prueba y Reflexión. NeuroCOODI Plataforma complementaria de evaluación cognitiva escolar']","- Concepto Clave: Los patrones repetitivos son secuencias que se repiten en elementos como sonidos, figuras o números, fundamentales para el desarrollo del pensamiento lógico.

- Pasos:
  1. Presenta ejemplos de patrones usando material concreto (bloques, figuras).
  2. Pide a los estudiantes que identifiquen y describan los patrones.
  3. Utiliza el entorno de programación visual de COODI para crear patrones digitales.
  4. Realiza actividades donde los estudiantes continúen o creen sus propios patrones.

- OA Vinculado: OA 11 - Reconocer, describir, crear y continuar patrones repetitivos.

- Verificación: Observa si los estudiantes pueden identificar y crear patrones correctamente, tanto en material concreto como en el entorno digital.","Programar con COODI secuencias básicas de movimiento repetitivas (avanzar, girar, retroceder) para que el robot forme un patrón. OA vinculado: MA01 OA11, Matemática, 1° Básico (reconocer, describir, crear y continuar patrones repetitivos).",0.75,0.5702021735066757,1.0,0.8782627865863615,C02,Articulacion Curricular
"Quiero enseñar sobre cambios en los materiales por efecto de la luz en 2° básico usando COODI, ¿qué actividad me recomiendas?","['. 7 Proponer, comunicar y ejercitar buenas prácticas de higiene en la manipula-ción de alimentos para prevenir enfermedades. Ciencias Físicas y Químicas8 Distinguir fuentes naturales y artificiales de luz, como el Sol, las ampolletas y el fuego, entre otras. 9 Investigar experimentalmente y explicar algunas características de la luz; por ejemplo: viaja en línea recta, se refleja, puede ser separada en colores. 10 Investigar experimentalmente y explicar las características del sonido; por ejemplo: viaja en todas las direcciones, se absorbe o se refleja, se transmite por medio de distintos materiales, tiene tono e intensidad.Los estudiantes serán capaces de:Objetivos de Aprendizaje Ejes3º básico', '. Cuadernillo 3: “COODI y la Mente Digital: Explorando las Emociones con STEM e IA” Experiencias para introducir datos, pistas, patrones, emociones e IA desde una perspectiva educativa y responsable. Talleres Cada cuadernillo puede articular una secuencia de talleres o experiencias progresivas. Tarjetas de desafíos y comandos Material manipulativo para planificación y programación. Afiche y certificados Material de apoyo para implementación de talleres y reconocimiento de participación. 15.1 Estructura sugerida de una actividad 1. Objetivo de aprendizaje. 2. Narrativa o situación de inicio. 3. Pregunta de activación. 4. Desafío. 5. Materiales. 6. Construcción o preparación. 7. Programación colaborativa. 8. Prueba con COODI. 9. Registro del resultado. 10. Reflexión y transferencia. 16', '. Ciencias Físicas y Químicas8 Explorar y describir los diferentes tipos de materiales en diversos objetos, clasificándolos según sus propiedades (goma-flexible, plástico-impermeable) e identificando su uso en la vida cotidiana. 9 Observar y describir los cambios que se producen en los materiales al aplicarles fuerza, luz, calor y agua. 10 Diseñar instrumentos tecnológicos simples, considerando diversos materiales y sus propiedades para resolver problemas cotidianos.Objetivos de Aprendizaje Ejes1º básico', '. Alta COODI -PED Funciones ejecutivas, pensamiento computacional y evaluación. Alta COODI -ACT Cuadernillos, talleres, desafíos y narrativas. Media COODI -PRIV Privacidad, ética, seguridad y datos infantiles. Media COODI -FAQ Preguntas canónicas para estudiantes, docentes y familias. Media COODI -OPS Instalación, mantenimiento y solución de problemas.', '. • Entorno de programación visual basado en bloques. • Programación textual para niveles de mayor complejidad. • Tablero de actividades y navegación. • Cuadernillos narrativos con desafíos STEM+IA. • NeuroCOODI para evaluación cognitiva y funciones ejecutivas. • COODIBOT como componente conversacional complementario. • Recursos de apoyo docente, instrumentos y materiales de evaluación. 3. Público objetivo y contextos de uso COODI está dirigido principalmente a estudiantes de educación básica. Las actividades se han concebido para rangos aproximados de 7 a 12 años, con adaptaciones que pueden extenderse a niveles entre 3.º y 8.º básico según la complejidad de la experiencia', 'COODI | Documentación integral para corpus RAG Página 14 20.1 Diseño pre/post Cuando se realicen estudios de intervención, pueden utilizarse instrumentos pre/post y registros de actividad. Los datos de niños deben manejarse mediante protocolos éticos, minimización de datos, consentimiento de responsables y asentimiento cuando corres ponda. 21. Sostenibilidad y tecnología verde COODI incorpora sostenibilidad tanto como tema educativo como criterio de uso responsable de la tecnología. Las narrativas pueden abordar cambio climático, variables ambientales y decisiones de consumo energético. • Utilizar sensores ambientales para observar condiciones del entorno. • Promover el apagado o suspensión de componentes inactivos cuando sea técnicamente posible', '184 Bases Curriculares Ú 1º a 6º Básico tECNoL oGíA Y soCIEDAD Las innovaciones tecnológicas producen transformacio- nes en la sociedad y, a su vez, son socialmente construi-das, pues se desarrollan en un determinado contexto histórico y social. En esta asignatura, se espera que los estudiantes observen atentamente su entorno cerca-no, identificando en él las manifestaciones de ingenio, creatividad e iniciativa, así como las oportunidades de innovación que este provee. IMPACTO MEdIOAMBIENT AL El efecto de la acción humana sobre el medioambiente es un tema fundamental y contingente. Hoy todos los proyectos deben hacerse cargo de sus consecuencias medioambientales', 'COODI | Documentación integral para corpus RAG Página 5 Contexto Uso esperado Formación docente Demostración de metodologías activas, programación y robótica educativa. Investigación educativa Evaluación de interacción, aprendizaje, funciones ejecutivas y diseño de experiencias. Adaptación por edad. La edad recomendada no debe usarse como una restricción rígida. La selección de actividades depende del nivel de lectura, experiencia previa con programación, objetivos de aprendizaje y acompañamiento docente. 4. Modelo pedagógico NDCC NDCC es el modelo didáctico que organiza las experiencias de COODI. Su secuencia busca conectar una situación significativa con un desafío concreto, una construcción o manipulación, la programación colaborativa, la experimentación y la reflexión', '. Dimensión Componentes principales Función Física Robot COODI, tablero, tarjetas, sensores, actuadores, material manipulativo. Permitir interacción tangible, movimiento, percepción y experimentación. Computacional Firmware, programación por bloques, programación textual, comunicación, servicios complementarios. Ejecutar algoritmos, controlar el robot y apoyar experiencias digitales. Pedagógica Modelo NDCC, cuadernillos, narrativas, desafíos, funciones ejecutivas y evaluación. Dar sentido educativo a la interacción tecnológica. 2.1 Componentes del ecosistema • Robot educativo COODI. • Programación tangible mediante tarjetas o comandos físicos. • Entorno de programación visual basado en bloques. • Programación textual para niveles de mayor complejidad. • Tablero de actividades y navegación', '. Ciencias Físicas y Químicas8 Reconocer los cambios que experimenta la energía eléctrica al pasar de una forma a otra (eléctrica a calórica, sonora, lumínica, etc.) e investigar los princi-pales aportes de científicos en su estudio a lo largo del tiempo. 9 Construir un circuito eléctrico simple (cable, ampolleta, interruptor y pila), usarlo para resolver problemas cotidianos y explicar su funcionamiento.Los estudiantes serán capaces de:Objetivos de Aprendizaje Ejes5º básico']","- Concepto Clave: Explorar cómo la luz afecta a diferentes materiales, observando cambios como el color o la temperatura.
- Pasos: 
  1. Presenta materiales (papel, plástico, metal).
  2. Explica cómo la luz puede cambiar sus propiedades.
  3. Usa COODI para crear un experimento que ilumine cada material.
  4. Observa y registra los cambios.
  5. Reflexiona sobre los resultados en grupo.
- OA Vinculado: 9 - Investigar características de la luz.
- Verificación: Compara las observaciones de los estudiantes sobre los cambios en los materiales antes y después de la exposición a la luz.","Usar los indicadores LED de COODI para proyectar luz sobre distintos materiales y clasificar cuáles son opacos o translúcidos. OA vinculado: CN02 OA09, Ciencias Naturales, 2° Básico.",0.5,0.5074267213582028,1.0,0.8552579364972458,C03,Articulacion Curricular
¿Qué actividad de COODI se vincula con el OA de organizar tareas para elaborar un objeto tecnológico en 2° básico?,"['. coodi_pedagogy NDCC, funciones ejecutivas, pensamiento computacional, evaluación. coodi_hardware Arquitectura física, electrónica, sensores y actuadores. coodi_software Firmware, bloques, programación textual, comunicación y servicios. coodi_activities Cuadernillos, narrativas, talleres, misiones y KODARA. coodi_assessment NeuroCOODI, instrumentos, registros y analítica. coodi_governance Privacidad, ética, seguridad, accesibilidad, mantenimiento. coodi_faq Preguntas frecuentes y respuestas canónicas. 28.1 Audiencias sugeridas • estudiante • docente • facilitador • desarrollador • investigador • apoderado • administrador 29. Estrategia de chunking y metadatos 29.1 Chunking semántico No se recomienda fragmentar únicamente por número fijo de caracteres', '. Alta COODI -PED Funciones ejecutivas, pensamiento computacional y evaluación. Alta COODI -ACT Cuadernillos, talleres, desafíos y narrativas. Media COODI -PRIV Privacidad, ética, seguridad y datos infantiles. Media COODI -FAQ Preguntas canónicas para estudiantes, docentes y familias. Media COODI -OPS Instalación, mantenimiento y solución de problemas.', 'COODI | Documentación integral para corpus RAG Página 4 Principio Descripción Accesibilidad tecnológica Se priorizan componentes de bajo costo y herramientas abiertas o ampliamente disponibles. Funcionamiento local Las actividades centrales pueden realizarse sin dependencia permanente de Internet. Modularidad Hardware, software y recursos pedagógicos pueden ampliarse sin redefinir todo el ecosistema. 2. Ecosistema y componentes COODI se organiza en una dimensión física, una dimensión computacional y una dimensión pedagógica. La integración de estas dimensiones permite que el robot actúe como medio para el aprendizaje y no únicamente como artefacto tecnológico. Dimensión Componentes principales Función Física Robot COODI, tablero, tarjetas, sensores, actuadores, material manipulativo', '. COODIBOT Componente conversacional del ecosistema COODI. Depuración Proceso de identificar y corregir errores en un programa o solución. Funciones ejecutivas Procesos cognitivos de control como planificación, memoria de trabajo, inhibición y flexibilidad. HC-SR04 Sensor ultrasónico utilizado para medir distancia. IA Inteligencia Artificial; sistemas capaces de realizar tareas como clasificación, predicción o reconocimiento de patrones a partir de reglas o datos. KODARA Propuesta lúdica de Código, Descubrir y Razonar asociada al ecosistema. NDCC Modelo: Narrativa, Desafío, Construcción, Programación colaborativa, Prueba y Reflexión. NeuroCOODI Plataforma complementaria de evaluación cognitiva escolar', '.º y 8.º básico. ¿COODI necesita Internet? Las actividades fundamentales pueden diseñarse para funcionar sin conexión permanente. Algunos servicios complementarios pueden requerir conectividad. ¿Qué formas de programación utiliza? Programación tangible, visual mediante bloques y textual mediante Arduino/C++ u otras herramientas compatibles. ¿Qué es NDCC? Es la secuencia Narrativa → Desafío → Construcción → Programación colaborativa → Prueba → Reflexión. ¿Qué funciones ejecutivas se trabajan? Planificación, memoria de trabajo, control inhibitorio y flexibilidad cognitiva.', 'COODI | Documentación integral para corpus RAG Página 6 5. Funciones ejecutivas Las actividades con COODI pueden diseñarse para estimular procesos asociados a las funciones ejecutivas. COODI no se presenta como instrumento clínico; su uso se sitúa en experiencias educativas y, cuando corresponde, en evaluación investigativa con instru mentos definidos. Función ejecutiva Manifestación en una actividad COODI Ejemplo de evidencia observable Planificación Definir pasos antes de ejecutar. El estudiante anticipa la ruta y ordena comandos. Memoria de trabajo Mantener y manipular información relevante. Recuerda posición, meta y reglas mientras ajusta la secuencia. Control inhibitorio Evitar una respuesta impulsiva y comprobar antes de ejecutar. Revisa el algoritmo en lugar de iniciar de inmediato', '. Patrones e IA Observar pistas y discutir cómo un algoritmo puede identificar regularidades. Material narrativo, sensores o datos de ejemplo. Funciones ejecutivas Planificar, ejecutar, detectar error y cambiar estrategia. NDCC, tablero, robot, instrumentos de observación. Programación progresiva Resolver una misma misión primero con tarjetas, luego bloques y finalmente código. Tres entornos de programación. 27. Limitaciones y alcance • COODI es un ecosistema educativo y de investigación; no reemplaza instrumentos clínicos ni diagnósticos. • La configuración de hardware puede variar entre versiones; las respuestas técnicas deben indicar versión y estado', '. • Entorno de programación visual basado en bloques. • Programación textual para niveles de mayor complejidad. • Tablero de actividades y navegación. • Cuadernillos narrativos con desafíos STEM+IA. • NeuroCOODI para evaluación cognitiva y funciones ejecutivas. • COODIBOT como componente conversacional complementario. • Recursos de apoyo docente, instrumentos y materiales de evaluación. 3. Público objetivo y contextos de uso COODI está dirigido principalmente a estudiantes de educación básica. Las actividades se han concebido para rangos aproximados de 7 a 12 años, con adaptaciones que pueden extenderse a niveles entre 3.º y 8.º básico según la complejidad de la experiencia', 'COODI | Documentación integral para corpus RAG Página 13 18.2 Pruebas consideradas Prueba Variable o proceso de interés Stroop Control inhibitorio, precisión y tiempos de respuesta. Trail Making Secuenciación, atención, velocidad y errores. Wisconsin Card Sorting Flexibilidad cognitiva y cambio de regla. N-back Memoria de trabajo. Alcance. NeuroCOODI debe presentarse como herramienta educativa/investigativa y no como sistema de diagnóstico clínico. 19. COODIBOT COODIBOT es el componente conversacional del ecosistema. Su función puede incluir orientación, respuestas sobre actividades o apoyo a la interacción con recursos educativos. Las implementaciones han considerado un back -end Flask y servicios de modelos de l enguaje. 19', 'COODI | Documentación integral para corpus RAG Página 7 Área Ejemplos de integración Ciencia Variables ambientales, sensores, observación de fenómenos y registro de datos. Tecnología Programación, electrónica, interfaces y comunicación. Ingeniería Diseño, construcción, iteración, restricciones y solución de problemas. Matemática Distancia, orientación, secuencias, estimación, coordenadas y patrones. 7.2 Inteligencia Artificial para niños En los materiales de COODI, la Inteligencia Artificial debe explicarse de manera precisa y comprensible. Un sistema de IA puede utilizar datos para identificar patrones y producir estimaciones o decisiones, pero esto no implica que comprenda emociones, int enciones o situaciones de la misma forma que una persona. Regla conceptual para materiales infantiles']","- Concepto Clave: Actividad de planificación y construcción de un objeto tecnológico utilizando COODI.
- Pasos: 
  1. Presenta un desafío relacionado con un objeto tecnológico.
  2. Organiza a los estudiantes en grupos.
  3. Define los pasos necesarios para construir el objeto.
  4. Asigna roles dentro del grupo.
  5. Realiza la construcción y prueba del objeto.
- OA Vinculado: OA 2.1 - Organizar tareas para elaborar un objeto tecnológico.
- Verificación: Observa si los estudiantes siguen los pasos definidos y completan el objeto tecnológico.","Ensamblar el chasis básico de COODI siguiendo un instructivo visual, reconociendo cada herramienta y pieza usada en el proceso. OA vinculado: TE02 OA02, Tecnología, 2° Básico.",0.3333333333333333,0.6504855337337865,1.0,0.5726190476075953,C04,Articulacion Curricular
"Necesito explicar rotación y traslación terrestre en 3° básico, ¿COODI me puede servir?","['86 Bases Curriculares Ú 1º a 6º Básico Ciencias de la Tierra y el universo11 Describir y registrar el ciclo diario y las diferencias entre el día y la noche, a partir de la observación del Sol, la Luna, las estrellas y la luminosidad del cielo, entre otras, y sus efectos en los seres vivos y el ambiente. 12 Describir y comunicar los cambios del ciclo de las estaciones y sus efectos en los seres vivos y el ambiente.', '156 Bases Curriculares Ú 1º a 6º Básico Pensamiento temporal y espaciala Secuenciar cronológicamente eventos significativos ocurridos en la escuela o la comunidad durante el año y leer líneas de tiempo simples. b Aplicar conceptos relacionados con el tiempo (pasado, presente, futuro, días, semanas, meses, años, antiguamente, este año, el año pasado, el año próximo). c Identificar elementos de continuidad y cambio entre modos de vida del pasa-do y del presente. d Leer y comunicar información geográfica mediante distintas herramientas (planos, mapas, globos terráqueos y diagramas). e Orientarse en el espacio, utilizando categorías de ubicación relativa (derecha, izquierda, lejos, cerca) y asociando referentes locales (cordillera, cerro, mar u otros) a los puntos cardinales', '94 Bases Curriculares Ú 1º a 6º Básico Ciencias de la Tierra y el universo11 Describir las características de algunos de los componentes del Sistema Solar (Sol, planetas, lunas, cometas y asteroides) en relación con su tamaño, localiza-ción, apariencia y distancia relativa a la Tierra, entre otros. 12 Explicar, por medio de modelos, los movimientos de rotación y traslación, con-siderando sus efectos en la Tierra. 13 Diseñar y construir modelos tecnológicos para explicar eventos del Sistema Solar, como la sucesión de las fases de la Luna y los eclipses de Luna y de Sol, entre otros.', '228 Bases Curriculares Ú 1º a 6º Básico Patrones y álgebra11 Reconocer, describir, crear y continuar patrones repetitivos (sonidos, figuras, rit- mos...) y patrones numéricos hasta el 20, crecientes y decrecientes, usando mate-rial concreto, pictórico y simbólico, de manera manual y/o por medio de software educativo. 12 Describir y registrar la igualdad y la desigualdad como equilibrio y desequilibrio, usando una balanza en forma concreta, pictórica y simbólica del 0 al 20, usando el símbolo igual (=). Geometría 13 Describir la posición de objetos y personas con relación a sí mismos y a otros obje-tos y personas, usando un lenguaje común (como derecha e izquierda). 14 Identificar en el entorno figuras 3D y figuras 2D y relacionarlas, usando material concreto', '. Geografía 6 Ubicar personas, lugares y elementos en una cuadrícula, utilizando líneas de referencia y puntos cardinales. 7 Distinguir hemisferios, círculo del Ecuador, trópicos, polos, continentes y océa-nos del planeta en mapas y globos terráqueos. 8 Identificar y ubicar en mapas las principales zonas climáticas del mundo, y dar ejemplos de distintos paisajes que pueden encontrarse en estas zonas y de cómo las personas han elaborado diferentes estrategias para habitarlos.Los estudiantes serán capaces de:Objetivos de Aprendizaje Ejes3º Básico', '160 Bases Curriculares Ú 1º a 6º Básico Pensamiento temporal y espaciala Leer y representar secuencias cronológicas y acontecimientos del pasado me- diante líneas de tiempo. b Aplicar conceptos relacionados con el tiempo (pasado, presente, futuro, años, décadas, siglos, antiguo, moderno, a.C., d.C.). c Comparar distintos aspectos (objetos, juegos, costumbres y actividades) entre sociedades y civilizaciones del pasado y del presente para identificar continui-dades y cambios. d Leer y comunicar información geográfica por medio de distintas herramientas (planos, mapas, globos terráqueos y diagramas). e Orientarse en el espacio, utilizando referencias, categorías de ubicación relativa y puntos cardinales', 'Bases Curriculares Ú 1º a 6º Básico10 Representar generalizaciones de relaciones entre números naturales, usando expre- siones con letras y ecuaciones. 11 Resolver ecuaciones de primer grado con una incógnita, utilizando estrategias como: ú usar una balanza ú usar la descomposición y la correspondencia 1 a 1 entre los términos en cada lado de la ecuación y aplicando procedimientos formales de resolución. Geometría12 Construir y comparar triángulos de acuerdo a la medida de sus lados y/o sus ángulos con instrumentos geométricos o software geométrico. 13 Demostrar que comprenden el concepto de área de una superficie en cubos y parale-lepípedos, calculando el área de sus redes (plantillas) asociadas. 14 Realizar teselados de figuras 2D, usando traslaciones, reflexiones y rotaciones', '152 Bases Curriculares Ú 1º a 6º Básico Pensamiento temporal y espaciala Secuenciar cronológicamente eventos de su familia. b Aplicar conceptos relacionados con el tiempo (días, semanas, meses, años, antes, después). c Localizar a Chile en mapamundis o globos terráqueos y distinguir diferentes representaciones de la Tierra. d Orientarse en el espacio, utilizando categorías de ubicación relativa (derecha, izquierda, lejos, cerca, delante, detrás, arriba, abajo, adentro, afuera). Análisis y trabajo con fuentese Obtener información explícita sobre su entorno a partir de fuentes orales y gráficas dadas (narraciones, fotografías, medios audiovisuales), mediante pre-guntas dirigidas', '164 Bases Curriculares Ú 1º a 6º Básico Pensamiento temporal y espaciala Leer y representar secuencias cronológicas y acontecimientos del pasado me- diante líneas de tiempo. b Aplicar conceptos relacionados con el tiempo (pasado, presente, futuro, déca-das, antiguo, moderno, siglos, períodos, hitos). c Comparar aspectos sociales, económicos, culturales y políticos entre socieda-des y civilizaciones del pasado y del presente para identificar continuidades y cambios. d Usar herramientas geográficas para ubicar y caracterizar elementos del espacio geográfico, como paisajes, población y recursos naturales. e Orientarse en el espacio, utilizando categorías de ubicación absoluta (coorde-nadas geográficas) y relativa', '218 Bases Curriculares Ú 1º a 6º Básico Al metaforizar, el alumno transporta experiencias y obje- tos de un ámbito concreto y familiar a otro más abstracto y nuevo, en que habitan los conceptos que está recién construyendo o aprendiendo. Por ejemplo: “los números son cantidades”, “los números son posiciones en la recta numérica”, “sumar es juntar, restar es quitar”, “sumar es avanzar, restar es retroceder”, “dividir es repartir en partes iguales”. En tanto, el alumno “representa” para entender mejor y operar con conceptos y objetos ya construidos. Por ejemplo, cuando representa las fracciones con puntos en una recta numérica, o una ecuación como x + 2 = 5 por representar medio de una balanza en equilibrio con una caja de peso desconocido x y 2 kg en un platillo y 5 kg en el otro']","- Concepto Clave: La rotación es el giro de la Tierra sobre su eje, mientras que la traslación es el movimiento de la Tierra alrededor del Sol.
- Pasos: 1. Dibuja un modelo de la Tierra y el Sol. 2. Muestra cómo la Tierra gira sobre su eje (rotación). 3. Explica el día y la noche. 4. Mueve el modelo de la Tierra alrededor del Sol (traslación). 5. Relaciona este movimiento con las estaciones.
- OA Vinculado: 94. Describir los movimientos de rotación y traslación y sus efectos en la Tierra.
- Verificación: Pregunta a los estudiantes sobre el día y la noche, y las estaciones del año para comprobar su comprensión.","Sí: usar a COODI como modelo físico para simular la traslación y rotación alrededor de un punto de luz central que representa el Sol. OA vinculado: CN03 OA12, Ciencias Naturales, 3° Básico.",0.5,0.5584519408217957,0.5,0.8486111110969676,C05,Articulacion Curricular
¿Cómo relaciono el hardware de COODI con el objetivo de figuras 3D y 2D de 3° básico Matemática?,"['. Dimensión Componentes principales Función Física Robot COODI, tablero, tarjetas, sensores, actuadores, material manipulativo. Permitir interacción tangible, movimiento, percepción y experimentación. Computacional Firmware, programación por bloques, programación textual, comunicación, servicios complementarios. Ejecutar algoritmos, controlar el robot y apoyar experiencias digitales. Pedagógica Modelo NDCC, cuadernillos, narrativas, desafíos, funciones ejecutivas y evaluación. Dar sentido educativo a la interacción tecnológica. 2.1 Componentes del ecosistema • Robot educativo COODI. • Programación tangible mediante tarjetas o comandos físicos. • Entorno de programación visual basado en bloques. • Programación textual para niveles de mayor complejidad. • Tablero de actividades y navegación', '. Geometría 14 Describir la localización de un objeto en un mapa simple o en una cuadrícula. 15 Demostrar que comprenden la relación que existe entre figuras 3D y figuras 2D: ú construyendo una figura 3D a partir de una red (plantilla) ú desplegando la figura 3D 16 Describir cubos, paralelepípedos, esferas, conos, cilindros y pirámides de acuerdo a la forma de sus caras y el número de aristas y vértices. 17 Reconocer en el entorno figuras 2D que están trasladadas, reflejadas y rotadas. 18 Demostrar que comprenden el concepto de ángulo: ú identificando ejemplos de ángulos en el entorno ú estimando la medida de ángulos, usando como referente ángulos de 45º y de 90o', 'Matemática243 Geometría 15 Describir la localización absoluta de un objeto en un mapa simple con coordenadas informales (por ejemplo: con letras y números) y la localización relativa con relación a otros objetos. 16 Determinar las vistas de figuras 3D desde el frente, desde el lado y desde arriba. 17 Demostrar que comprenden una línea de simetría: ú identificando figuras simétricas 2D ú creando figuras simétricas 2D ú dibujando una o más líneas de simetría en figuras 2D ú usando software geométrico 18 Trasladar, rotar y reflejar figuras 2D. 19 Construir ángulos con el transportador y compararlos. Medición 20 Leer y registrar diversas mediciones del tiempo en relojes análogos y digitales, usando los conceptos A.M., P.M. y 24 horas', '228 Bases Curriculares Ú 1º a 6º Básico Patrones y álgebra11 Reconocer, describir, crear y continuar patrones repetitivos (sonidos, figuras, rit- mos...) y patrones numéricos hasta el 20, crecientes y decrecientes, usando mate-rial concreto, pictórico y simbólico, de manera manual y/o por medio de software educativo. 12 Describir y registrar la igualdad y la desigualdad como equilibrio y desequilibrio, usando una balanza en forma concreta, pictórica y simbólica del 0 al 20, usando el símbolo igual (=). Geometría 13 Describir la posición de objetos y personas con relación a sí mismos y a otros obje-tos y personas, usando un lenguaje común (como derecha e izquierda). 14 Identificar en el entorno figuras 3D y figuras 2D y relacionarlas, usando material concreto', 'COODI | Documentación integral para corpus RAG Página 4 Principio Descripción Accesibilidad tecnológica Se priorizan componentes de bajo costo y herramientas abiertas o ampliamente disponibles. Funcionamiento local Las actividades centrales pueden realizarse sin dependencia permanente de Internet. Modularidad Hardware, software y recursos pedagógicos pueden ampliarse sin redefinir todo el ecosistema. 2. Ecosistema y componentes COODI se organiza en una dimensión física, una dimensión computacional y una dimensión pedagógica. La integración de estas dimensiones permite que el robot actúe como medio para el aprendizaje y no únicamente como artefacto tecnológico. Dimensión Componentes principales Función Física Robot COODI, tablero, tarjetas, sensores, actuadores, material manipulativo', 'COODI | Documentación integral para corpus RAG Página 20 32. Ficha maestra de especificaciones Área Especificación consolidada Estado Identidad COODI = COnecta, Observa, Descompone, Innova. Vigente Público Educación básica; foco aproximado 7 –12 años; adaptable 3.º –8.º básico. Vigente Metodología NDCC: Narrativa → Desafío → Construcción → Programación colaborativa → Prueba → Reflexión. Vigente Programación Tangible, visual y textual. Vigente Control inicial Arduino UNO. Implementado Control ampliado ESP32 -WROOM -32 / Raspberry Pi Zero 2W según módulo. Prototipo/planificado Distancia HC-SR04. Implementado Movimiento 2 motores DC y servomotor SG90 según configuración. Implementado/prototipo Salida Buzzer y LED RGB/matriz RGB según versión. Implementado Ambiente DHT22', '. Regla conceptual para materiales infantiles. Evitar expresiones que atribuyan comprensión humana al sistema. Es preferible decir “la IA identifica pistas o patrones y estima qué podría estar ocurriendo” en lugar de “la IA sabe cómo se siente una persona”. 7.3 Datos, patrones y sensores COODI puede introducir la idea de que los sensores producen datos y que un algoritmo puede utilizar esos datos para reconocer condiciones o patrones. Esto permite diferenciar percepción, procesamiento y acción. 8. Arquitectura física del robot El diseño de COODI prioriza fabricación accesible, estructura reproducible mediante impresión 3D y componentes electrónicos de bajo costo. El detalle físico puede evolucionar entre versiones, por lo que el RAG debe asociar cada especificación a una versión y estado', '. coodi_pedagogy NDCC, funciones ejecutivas, pensamiento computacional, evaluación. coodi_hardware Arquitectura física, electrónica, sensores y actuadores. coodi_software Firmware, bloques, programación textual, comunicación y servicios. coodi_activities Cuadernillos, narrativas, talleres, misiones y KODARA. coodi_assessment NeuroCOODI, instrumentos, registros y analítica. coodi_governance Privacidad, ética, seguridad, accesibilidad, mantenimiento. coodi_faq Preguntas frecuentes y respuestas canónicas. 28.1 Audiencias sugeridas • estudiante • docente • facilitador • desarrollador • investigador • apoderado • administrador 29. Estrategia de chunking y metadatos 29.1 Chunking semántico No se recomienda fragmentar únicamente por número fijo de caracteres', 'Matemática219 Organización curricular En este eje se espera que los estudiantes aprendan a reconocer, visualizar y dibujar figuras, y a describir las ca-racterísticas y propiedades de figuras 3D y figuras 2D en situaciones estáticas y dinámicas. Se entregan conceptos para entender la estructura del espacio y describir con un Este eje pretende que los estudiantes sean capaces de identificar las características de los objetos y cuantificar-los, para poder compararlos y ordenarlos. Las caracterís-ticas de los objetos –ancho, largo, alto, peso, volumen, etc.– permiten determinar medidas no estandarizadas', '. Patrones e IA Observar pistas y discutir cómo un algoritmo puede identificar regularidades. Material narrativo, sensores o datos de ejemplo. Funciones ejecutivas Planificar, ejecutar, detectar error y cambiar estrategia. NDCC, tablero, robot, instrumentos de observación. Programación progresiva Resolver una misma misión primero con tarjetas, luego bloques y finalmente código. Tres entornos de programación. 27. Limitaciones y alcance • COODI es un ecosistema educativo y de investigación; no reemplaza instrumentos clínicos ni diagnósticos. • La configuración de hardware puede variar entre versiones; las respuestas técnicas deben indicar versión y estado']","- Concepto Clave: Relacionar hardware de COODI con figuras 3D y 2D permite a los estudiantes visualizar y manipular conceptos geométricos de manera tangible.
  
- Pasos: 
  1. Presenta el robot COODI y sus componentes.
  2. Utiliza el tablero para crear figuras 2D.
  3. Pide a los estudiantes que construyan figuras 3D con materiales manipulativos.
  4. Relaciona las figuras 2D y 3D usando el robot para explorar sus características.

- OA Vinculado: Matemática 15: Describir la localización de objetos en un mapa simple.

- Verificación: Observa si los estudiantes pueden identificar y describir las figuras 2D y 3D construidas y su relación.","Identificar qué figuras geométricas 3D componen el hardware de COODI y pedir a los estudiantes dibujar sus respectivas vistas en 2D. OA vinculado: MA03 OA15, Matemática, 3° Básico.",0.14285714285714285,0.7657844869172519,0.5,0.8917233559963313,C06,Articulacion Curricular
"Quiero que mis estudiantes de 4° básico diseñen un objeto tecnológico usando material reciclado, vinculado a COODI, ¿qué actividad existe?","['. Regla conceptual para materiales infantiles. Evitar expresiones que atribuyan comprensión humana al sistema. Es preferible decir “la IA identifica pistas o patrones y estima qué podría estar ocurriendo” en lugar de “la IA sabe cómo se siente una persona”. 7.3 Datos, patrones y sensores COODI puede introducir la idea de que los sensores producen datos y que un algoritmo puede utilizar esos datos para reconocer condiciones o patrones. Esto permite diferenciar percepción, procesamiento y acción. 8. Arquitectura física del robot El diseño de COODI prioriza fabricación accesible, estructura reproducible mediante impresión 3D y componentes electrónicos de bajo costo. El detalle físico puede evolucionar entre versiones, por lo que el RAG debe asociar cada especificación a una versión y estado', '. 3 Elaborar un objeto tecnológico según las indicaciones del profesor, seleccio-nando y experimentando con: ú técnicas y herramientas para medir, cortar, plegar, unir, pegar, pintar, entre otras ú materiales como papeles, fibras, plásticos, desechos, entre otros 4 Probar y explicar los resultados de los trabajos propios y de otros, de forma in-dividual o en equipos, dialogando sobre sus ideas e identificando lo que podría hacerse de otra manera. Tecnologías de la Información y la Comunicación5 Usar software de dibujo para crear y representar ideas por medio de imágenes, guiados por el docente', 'COODI | Documentación integral para corpus RAG Página 4 Principio Descripción Accesibilidad tecnológica Se priorizan componentes de bajo costo y herramientas abiertas o ampliamente disponibles. Funcionamiento local Las actividades centrales pueden realizarse sin dependencia permanente de Internet. Modularidad Hardware, software y recursos pedagógicos pueden ampliarse sin redefinir todo el ecosistema. 2. Ecosistema y componentes COODI se organiza en una dimensión física, una dimensión computacional y una dimensión pedagógica. La integración de estas dimensiones permite que el robot actúe como medio para el aprendizaje y no únicamente como artefacto tecnológico. Dimensión Componentes principales Función Física Robot COODI, tablero, tarjetas, sensores, actuadores, material manipulativo', 'Tecnología203 diseñar, hacer y probar1 Crear diseños de objetos o sistemas tecnológicos simples para resolver proble- mas: ú desde diversos ámbitos tecnológicos y tópicos de otras asignaturas ú representando sus ideas a través de dibujos a mano alzada, dibujo técnico o usando TIC ú explorando y transformando productos existentes 2 Planificar la elaboración de un objeto tecnológico, incorporando la secuencia de acciones, materiales, herramientas, técnicas y medidas de seguridad nece-sarias para lograr el resultado deseado, y discutiendo las implicancias ambien-tales de los recursos utilizados', '. • Entorno de programación visual basado en bloques. • Programación textual para niveles de mayor complejidad. • Tablero de actividades y navegación. • Cuadernillos narrativos con desafíos STEM+IA. • NeuroCOODI para evaluación cognitiva y funciones ejecutivas. • COODIBOT como componente conversacional complementario. • Recursos de apoyo docente, instrumentos y materiales de evaluación. 3. Público objetivo y contextos de uso COODI está dirigido principalmente a estudiantes de educación básica. Las actividades se han concebido para rangos aproximados de 7 a 12 años, con adaptaciones que pueden extenderse a niveles entre 3.º y 8.º básico según la complejidad de la experiencia', 'COODI | Documentación integral para corpus RAG Página 14 20.1 Diseño pre/post Cuando se realicen estudios de intervención, pueden utilizarse instrumentos pre/post y registros de actividad. Los datos de niños deben manejarse mediante protocolos éticos, minimización de datos, consentimiento de responsables y asentimiento cuando corres ponda. 21. Sostenibilidad y tecnología verde COODI incorpora sostenibilidad tanto como tema educativo como criterio de uso responsable de la tecnología. Las narrativas pueden abordar cambio climático, variables ambientales y decisiones de consumo energético. • Utilizar sensores ambientales para observar condiciones del entorno. • Promover el apagado o suspensión de componentes inactivos cuando sea técnicamente posible', 'Tecnología199 diseñar, hacer y probar1 Crear diseños de objetos o sistemas tecnológicos simples para resolver proble- mas: ú desde diversos ámbitos tecnológicos y tópicos de otras asignaturas ú representando sus ideas a través de dibujos a mano alzada, modelos concre-tos o usando TIC ú explorando y combinando productos existentes 2 Planificar la elaboración de un objeto tecnológico, incorporando la secuencia de acciones, materiales, herramientas, técnicas y medidas de seguridad nece-sarias para lograr el resultado deseado', '. Para facilitar la concreción de las propuestas, se desarrollarán estrategias básicas de exploración, investigación, análisis, evaluación y comunicación de ideas, principalmente por medio del lenguaje gráfico. En los primeros años, se espera que creen diseños de objetos desde sus propias experiencias, con la permanente ayuda del profesor. A medida que transcurre el ciclo, deberán proponer modificaciones en el diseño de productos ya existentes, de modo que puedan resolver problemas específicos. En este proceso, deberán incorporar paulatinamente las herramientas que proveen las TIC. HACEr Este eje incluye las destrezas y habilidades que se espera que los estudiantes desarrollen en cada fase del proceso de elaboración física y concreta de los objetos tecnoló-gicos que han diseñado', '. Debe responderse indicando que está en fase de prototipo. Planificado Extensión prevista o línea de desarrollo aún no integrada de forma estable. No debe afirmarse como una capacidad disponible. Criterio de consistencia. Ante información contradictoria entre versiones de documentos, debe prevalecer la fuente con mayor versión y fecha, y conservarse el historial de cambios. Índice de contenidos 1. Identidad y propósito de COODI 2. Ecosistema y componentes 3. Público objetivo y contextos de uso 4. Modelo pedagógico NDCC 5. Funciones ejecutivas 6. Pensamiento computacional 7. STEM e Inteligencia Artificial 8. Arquitectura física del robot 9. Electrónica, sensores y actuadores 10. Arquitectura computacional y comunicaciones 11. Entornos de programación 12. Programación tangible y tablero 13', 'COODI | Documentación integral para corpus RAG Página 20 32. Ficha maestra de especificaciones Área Especificación consolidada Estado Identidad COODI = COnecta, Observa, Descompone, Innova. Vigente Público Educación básica; foco aproximado 7 –12 años; adaptable 3.º –8.º básico. Vigente Metodología NDCC: Narrativa → Desafío → Construcción → Programación colaborativa → Prueba → Reflexión. Vigente Programación Tangible, visual y textual. Vigente Control inicial Arduino UNO. Implementado Control ampliado ESP32 -WROOM -32 / Raspberry Pi Zero 2W según módulo. Prototipo/planificado Distancia HC-SR04. Implementado Movimiento 2 motores DC y servomotor SG90 según configuración. Implementado/prototipo Salida Buzzer y LED RGB/matriz RGB según versión. Implementado Ambiente DHT22']","- Concepto Clave: Diseñar un objeto tecnológico utilizando materiales reciclados para resolver un problema específico.
- Pasos: 
  1. Investiga sobre objetos tecnológicos que utilizan materiales reciclados.
  2. Selecciona un problema que quieras resolver con tu diseño.
  3. Dibuja tu idea utilizando software de dibujo o a mano alzada.
  4. Reúne materiales reciclados y planifica la construcción.
  5. Construye el objeto y prueba su funcionamiento.
- OA Vinculado: Tecnología203 - Diseñar, hacer y probar objetos tecnológicos simples.
- Verificación: Presenta el objeto y explica cómo resuelve el problema planteado.","Diseñar con material reciclado una carcasa o ""pala"" para COODI que le permita empujar pequeños objetos en el aula. OA vinculado: TE04 OA01, Tecnología, 4° Básico.",0.1111111111111111,0.5864545094872285,0.5,0.7295918367242711,C07,Articulacion Curricular
¿Cómo integro ecuaciones de un paso con COODI en 4° básico?,"['. 14 Resolver ecuaciones e inecuaciones de un paso que involucren adiciones y sustrac-ciones, comprobando los resultados en forma pictórica y simbólica del 0 al 100 y aplicando las relaciones inversas entre la adición y la sustracción.', '. • Usar rondas de prueba y depuración para observar adaptación de la estrategia. 6. Pensamiento computacional Habilidad Aplicación en COODI Descomposición Dividir una misión en movimientos, decisiones o subproblemas. Reconocimiento de patrones Detectar regularidades en recorridos, datos de sensores o comportamientos. Abstracción Identificar información relevante y descartar detalles que no afectan la solución. Algoritmos Crear una secuencia ordenada y reproducible de instrucciones. Evaluación Comparar el comportamiento obtenido con el comportamiento esperado. Depuración Localizar y corregir errores en la solución. La progresión de COODI facilita representar un mismo algoritmo en diferentes niveles: físicamente mediante tarjetas, visualmente mediante bloques y textualmente mediante código', 'Bases Curriculares Ú 1º a 6º Básico ECu ACIONES SIMPLES dE uN PASOEjemplo: Ecuaciones con una incógnita que requieren solo una opera- ción para resolverlas:1) 8 + 5 =2) + 5 =15 3) 8 + =15 ESTrA TEGIA “CONTEO HACIA AdELANTE Y AtRás”Ejemplo: 7 + 5 7, 8, 9, 10, 11, 12 = › 7 + 5 = 12 Ejemplo: 15 - 414, 13, 12, 11 = › 15 – 4 = 11 ESTrA TEGIA “COMPLET Ar 10”Ejemplo: 7 + 5 = 7 + 3 = 1010 + 2 = 12 ESTrA TEGIA “Us AR DobLEs”Ejemplo:7 + 9 =7 + 7 + 2 = 16 ESTrA TEGIA “COMPLET Ar 10”Ejemplo: En una adición o una sustracción, se suma o resta tanto como sea necesario para llegar a la decena más cercana y después se suma o resta lo que falta: 48 – 27 = 35 + 17 = 48 – 8 = 40 35 + 5 = 40 40 – 19 = 21 40 + 12 = 52 48 – 27 = 21 35 + 17 = 52256', '. 20. Evaluación y analítica educativa La evaluación en COODI puede abordar tanto el producto de la actividad como el proceso. El interés no se limita a verificar si el robot llegó a la meta, sino también a analizar planificación, colaboración, explicación, depuración y transferencia del aprend izaje. Dimensión Indicadores posibles Algoritmo Secuencia correcta, uso de condiciones, eficiencia, depuración. Resolución de problemas Identificación del problema, estrategia y ajuste de la solución. Funciones ejecutivas Planificación, control de impulsividad, mantenimiento de reglas, flexibilidad. Colaboración Participación, comunicación, distribución de roles y toma de decisiones. STEM Comprensión de conceptos, medición, interpretación de datos y aplicación', '. Etapa Propósito Ejemplo con COODI Narrativa Contextualizar la experiencia y generar motivación. COODI debe completar una misión en Marte o resolver una situación ambiental. Desafío Definir el problema o meta a alcanzar. Llegar a una zona del tablero evitando obstáculos. Construcción Preparar materiales, recorrido o componentes requeridos. Ubicar tarjetas, obstáculos, sensores o elementos del escenario. Programación colaborativa Diseñar en equipo la secuencia o algoritmo. Seleccionar movimientos, condiciones o bloques. Prueba Ejecutar el programa y observar el comportamiento. COODI realiza el recorrido. Reflexión Analizar errores, estrategias, aprendizaje y alternativas. Comparar el resultado con la planificación y depurar el algoritmo. 4', '. ú usando la propiedad distributiva de la multiplicación respecto de la suma ú aplicando el algoritmo de la multiplicación ú resolviendo problemas rutinarios 6 Resolver problemas rutinarios y no rutinarios que involucren las cuatro opera-ciones y combinaciones de ellas: ú que incluyan situaciones con dinero ú usando la calculadora y el computador en ámbitos numéricos superiores al 10.000Los estudiantes serán capaces de:Objetivos de Aprendizaje Ejes5º básico', '. Reflexión Analizar errores, estrategias, aprendizaje y alternativas. Comparar el resultado con la planificación y depurar el algoritmo. 4.1 Rol del error En COODI, un resultado inesperado se considera una oportunidad de depuración. La actividad debe permitir que el estudiante identifique qué parte de la secuencia, condición, estimación o planificación produjo el resultado y proponga una modificación. 4.2 Rol docente • Presentar el contexto y aclarar el objetivo sin entregar directamente la solución. • Promover verbalización de la estrategia antes de programar. • Formular preguntas que apoyen planificación y reflexión. • Permitir ciclos de prueba y mejora. • Favorecer participación equilibrada dentro de los equipos. • Relacionar la actividad con los conceptos curriculares definidos.', '. • Entorno de programación visual basado en bloques. • Programación textual para niveles de mayor complejidad. • Tablero de actividades y navegación. • Cuadernillos narrativos con desafíos STEM+IA. • NeuroCOODI para evaluación cognitiva y funciones ejecutivas. • COODIBOT como componente conversacional complementario. • Recursos de apoyo docente, instrumentos y materiales de evaluación. 3. Público objetivo y contextos de uso COODI está dirigido principalmente a estudiantes de educación básica. Las actividades se han concebido para rangos aproximados de 7 a 12 años, con adaptaciones que pueden extenderse a niveles entre 3.º y 8.º básico según la complejidad de la experiencia', 'estimando productos ú aplicando estrategias de cálculo mental ú resolviendo problemas rutinarios y no rutinarios, aplicando el algoritmo 4 Demostrar que comprenden la división con dividendos de tres dígitos y diviso-res de un dígito: ú interpretando el resto ú resolviendo problemas rutinarios y no rutinarios que impliquen divisiones 5 Realizar cálculos que involucren las cuatro operaciones, aplicando las reglas relativas a paréntesis y la prevalencia de la multiplicación y la división por sobre la adición y la sustracción cuando corresponda', '. 8 Resolver problemas rutinarios y no rutinarios que involucren adiciones y sus-tracciones de fracciones propias, impropias, números mixtos o decimales hasta la milésima. Patrones y álgebra 9 Demostrar que comprenden la relación entre los valores de una tabla y aplicarla en la resolución de problemas sencillos: ú identificando patrones entre los valores de la tabla ú formulando una regla con lenguaje matemáticoLos estudiantes serán capaces de:Objetivos de Aprendizaje Ejes6º básico']","- Concepto Clave: Las ecuaciones de un paso son expresiones matemáticas que requieren una sola operación para resolver, como adiciones o sustracciones.

- Pasos:
  1. Presenta una ecuación simple (ej. 8 + x = 12).
  2. Utiliza COODI para representar la ecuación en el tablero.
  3. Realiza la operación inversa (sustracción o adición) para encontrar x.
  4. Compara el resultado con el esperado.

- OA Vinculado: OA 14 - Resolver ecuaciones e inecuaciones de un paso.

- Verificación: Comprueba que COODI complete el recorrido correcto según la ecuación resuelta.","Calcular mediante una ecuación cuántos centímetros o pasos debe avanzar COODI para llegar a una meta, si ya recorrió una distancia ""X"". OA vinculado: MA04 OA14, Matemática, 4° Básico.",1.0,0.45939433345068165,1.0,0.699999999965,C08,Articulacion Curricular
¿Cómo conecto el sensor ultrasónico al robot COODI para medir distancias en una actividad de 5° básico?,"['. ¿Qué sensor utiliza para distancia? El HC -SR04 se utiliza para medir distancia mediante ultrasonido en configuraciones del robot. ¿Qué es NeuroCOODI? Es un componente complementario para evaluación cognitiva escolar e investigación de funciones ejecutivas, con pruebas como Stroop, Trail Making, Wisconsin Card Sorting y N -back. 31. Glosario Término Definición Actuador Componente que produce una acción física o perceptible, como un motor, servo, LED o buzzer. Algoritmo Secuencia ordenada de instrucciones para resolver un problema o realizar una tarea. Blockly Biblioteca para construir interfaces de programación visual basadas en bloques. COODIBOT Componente conversacional del ecosistema COODI. Depuración Proceso de identificar y corregir errores en un programa o solución', 'COODI | Documentación integral para corpus RAG Página 8 • Modularidad para agregar sensores o interfaces. • Mantenimiento comprensible para docentes o facilitadores técnicos. 9. Electrónica, sensores y actuadores Componente Función Estado Uso educativo posible HC-SR04 Medición de distancia mediante ultrasonido. Implementado Obstáculos, navegación y condicionales. Motores DC amarillos (2) Desplazamiento del robot. Implementado Secuencias, trayectorias y control de movimiento. Servomotor SG90 Movimiento angular controlado. Implementado/prototipo Mecanismos, orientación o expresividad. Buzzer Salida sonora. Implementado Eventos, confirmación y retroalimentación. LED RGB / matriz RGB Salida visual mediante color o patrones', '. 25.3 Mantenimiento • Revisar conectores y tornillos periódicamente. • Limpiar sensores sin productos abrasivos. • Mantener firmware y aplicación asociados a una versión documentada. • Registrar sustituciones de componentes que alteren el comportamiento. 26. Casos de uso Caso Descripción Componentes Navegación en tablero Programar una ruta desde Inicio hasta Fin evitando obstáculos. Robot, tablero 6×6, tarjetas o bloques. Detección de obstáculos Usar distancia para detener o modificar el recorrido. HC-SR04, motores, condicionales. Misión ambiental Medir temperatura/humedad y relacionar datos con una narrativa ambiental. DHT22, robot, cuadernillo. Patrones e IA Observar pistas y discutir cómo un algoritmo puede identificar regularidades. Material narrativo, sensores o datos de ejemplo', '. OLED Visualización local. Limitado en Arduino UNO / sujeto a arquitectura Mensajes o estados del sistema. 9.1 Uso de sensores Los sensores deben introducirse pedagógicamente mediante la secuencia “variable física → dato → regla o algoritmo → acción”. Por ejemplo, el HC -SR04 mide una distancia; el programa compara ese valor con un umbral; si el objeto está cerca, COODI puede deten erse o modificar su recorrido. 9.2 Uso de actuadores Motores, servos, LEDs y buzzer son actuadores porque producen una respuesta física o perceptible. Su uso permite que los estudiantes observen inmediatamente el efecto de un algoritmo. 10. Arquitectura computacional y comunicaciones 10', '. Buzzer Salida sonora. Implementado Eventos, confirmación y retroalimentación. LED RGB / matriz RGB Salida visual mediante color o patrones. Implementado según versión Estados, retroalimentación y codificación visual. DHT22 Temperatura y humedad. Implementado/prototipo según actividad STEM ambiental y adquisición de datos. Sensor infrarrojo / control IR Recepción de comandos o validación. Implementado en actividades Interacción y validación de desafíos. RFID Identificación de tarjetas u objetos. Planificado Programación tangible y reconocimiento de elementos. IMU Movimiento y orientación. Planificado Estimación de movimiento y actividades de física. OLED Visualización local. Limitado en Arduino UNO / sujeto a arquitectura Mensajes o estados del sistema. 9', '. Implementado/prototipo Salida Buzzer y LED RGB/matriz RGB según versión. Implementado Ambiente DHT22. Implementado/prototipo IR Control/recepción infrarroja para validación de actividades. Implementado RFID Identificación automática de tarjetas/objetos. Planificado IMU Orientación y movimiento. Planificado Tablero 6 × 6 con Inicio/Fin y comandos de navegación. Implementado en actividades Software visual Angular + Blockly. Prototipo/implementado según versión Texto Arduino/C++. Vigente Evaluación NeuroCOODI: Angular + Node/Express + MySQL; Stroop, Trail Making, Wisconsin, N -back. Prototipo Chatbot COODIBOT con back -end Flask y arquitectura compatible con RAG. Prototipo Conectividad Núcleo educativo offline; servicios complementarios pueden usar red. Principio vigente 33', '. COODIBOT Componente conversacional del ecosistema COODI. Depuración Proceso de identificar y corregir errores en un programa o solución. Funciones ejecutivas Procesos cognitivos de control como planificación, memoria de trabajo, inhibición y flexibilidad. HC-SR04 Sensor ultrasónico utilizado para medir distancia. IA Inteligencia Artificial; sistemas capaces de realizar tareas como clasificación, predicción o reconocimiento de patrones a partir de reglas o datos. KODARA Propuesta lúdica de Código, Descubrir y Razonar asociada al ecosistema. NDCC Modelo: Narrativa, Desafío, Construcción, Programación colaborativa, Prueba y Reflexión. NeuroCOODI Plataforma complementaria de evaluación cognitiva escolar', 'COODI | Documentación integral para corpus RAG Página 19 ¿COODI utiliza Inteligencia Artificial? El ecosistema incorpora contenidos y líneas de desarrollo vinculadas con IA. Cada función de IA debe documentarse según el módulo y su estado de implementación. ¿COODI reconoce emociones? Los materiales pueden enseñar cómo la IA usa pistas y patrones para estimar estados, pero no debe afirmarse que la máquina comprende emociones como una persona. Cualquier módulo afectivo debe describirse específicamente. ¿Qué sensor utiliza para distancia? El HC -SR04 se utiliza para medir distancia mediante ultrasonido en configuraciones del robot', '. Profundizar en variables, funciones, estructuras y control del hardware. digitalWrite, lectura de sensores, funciones de movimiento. 12. Programación tangible y tablero La programación tangible permite que los estudiantes construyan físicamente una secuencia de instrucciones antes de enviarla o representarla en el robot. Esta modalidad reduce la barrera inicial de la sintaxis y favorece planificación, anticipación y discu sión colaborativa. 12.1 Tablero de navegación • Tablero de 6 × 6 posiciones para actividades de navegación y resolución de misiones. • Tarjetas de Inicio y Fin para delimitar la secuencia. • Tarjetas o comandos para avanzar y girar. • Elementos magnéticos o manipulativos según la actividad. • Validación mediante control infrarrojo en experiencias implementadas', '. Regla conceptual para materiales infantiles. Evitar expresiones que atribuyan comprensión humana al sistema. Es preferible decir “la IA identifica pistas o patrones y estima qué podría estar ocurriendo” en lugar de “la IA sabe cómo se siente una persona”. 7.3 Datos, patrones y sensores COODI puede introducir la idea de que los sensores producen datos y que un algoritmo puede utilizar esos datos para reconocer condiciones o patrones. Esto permite diferenciar percepción, procesamiento y acción. 8. Arquitectura física del robot El diseño de COODI prioriza fabricación accesible, estructura reproducible mediante impresión 3D y componentes electrónicos de bajo costo. El detalle físico puede evolucionar entre versiones, por lo que el RAG debe asociar cada especificación a una versión y estado']","- Concepto Clave: El HC-SR04 mide distancias mediante ultrasonido, ideal para detectar obstáculos.
- Pasos: 
  1. Conecta el pin VCC del HC-SR04 a la fuente de alimentación del robot.
  2. Conecta el pin GND a la tierra del robot.
  3. Conecta el pin TRIG a un pin digital del microcontrolador.
  4. Conecta el pin ECHO a otro pin digital del microcontrolador.
- OA Vinculado: OA 5.1 - ""Uso de sensores para medir variables físicas"".
- Verificación: Ejecuta un programa que lea la distancia y verifica que el robot responda al detectar obstáculos.","Concepto Clave: el HC-SR04 mide distancias mediante pulsos sonoros (ultrasonido). Pasos: 1) Conecta el pin VCC al puerto de 5V de COODI. 2) Conecta GND a tierra. 3) Conecta TRIG al pin digital 9 y ECHO al pin 10. 4) Carga el bloque ""Leer distancia"" desde el entorno de programación. 5) Ajusta el umbral a 20 cm para la actividad. OA vinculado: OA 3, Tecnología, 5° Básico (diseñar y construir objetos tecnológicos con sistemas de control básicos); también relacionado con CN05 OA10 (circuito eléctrico simple). Verificación: el monitor serial debe mostrar valores en centímetros al agitar la mano frente al sensor.",0.1111111111111111,0.6327430501524757,0.125,0.880612244885379,C09,Articulacion Curricular
¿Qué actividad de COODI permite analizar un circuito eléctrico simple en 5° básico?,"['COODI | Documentación integral para corpus RAG Página 20 32. Ficha maestra de especificaciones Área Especificación consolidada Estado Identidad COODI = COnecta, Observa, Descompone, Innova. Vigente Público Educación básica; foco aproximado 7 –12 años; adaptable 3.º –8.º básico. Vigente Metodología NDCC: Narrativa → Desafío → Construcción → Programación colaborativa → Prueba → Reflexión. Vigente Programación Tangible, visual y textual. Vigente Control inicial Arduino UNO. Implementado Control ampliado ESP32 -WROOM -32 / Raspberry Pi Zero 2W según módulo. Prototipo/planificado Distancia HC-SR04. Implementado Movimiento 2 motores DC y servomotor SG90 según configuración. Implementado/prototipo Salida Buzzer y LED RGB/matriz RGB según versión. Implementado Ambiente DHT22', 'COODI | Documentación integral para corpus RAG Página 8 • Modularidad para agregar sensores o interfaces. • Mantenimiento comprensible para docentes o facilitadores técnicos. 9. Electrónica, sensores y actuadores Componente Función Estado Uso educativo posible HC-SR04 Medición de distancia mediante ultrasonido. Implementado Obstáculos, navegación y condicionales. Motores DC amarillos (2) Desplazamiento del robot. Implementado Secuencias, trayectorias y control de movimiento. Servomotor SG90 Movimiento angular controlado. Implementado/prototipo Mecanismos, orientación o expresividad. Buzzer Salida sonora. Implementado Eventos, confirmación y retroalimentación. LED RGB / matriz RGB Salida visual mediante color o patrones', 'COODI | Documentación integral para corpus RAG Página 4 Principio Descripción Accesibilidad tecnológica Se priorizan componentes de bajo costo y herramientas abiertas o ampliamente disponibles. Funcionamiento local Las actividades centrales pueden realizarse sin dependencia permanente de Internet. Modularidad Hardware, software y recursos pedagógicos pueden ampliarse sin redefinir todo el ecosistema. 2. Ecosistema y componentes COODI se organiza en una dimensión física, una dimensión computacional y una dimensión pedagógica. La integración de estas dimensiones permite que el robot actúe como medio para el aprendizaje y no únicamente como artefacto tecnológico. Dimensión Componentes principales Función Física Robot COODI, tablero, tarjetas, sensores, actuadores, material manipulativo', '. Etapa Propósito Ejemplo con COODI Narrativa Contextualizar la experiencia y generar motivación. COODI debe completar una misión en Marte o resolver una situación ambiental. Desafío Definir el problema o meta a alcanzar. Llegar a una zona del tablero evitando obstáculos. Construcción Preparar materiales, recorrido o componentes requeridos. Ubicar tarjetas, obstáculos, sensores o elementos del escenario. Programación colaborativa Diseñar en equipo la secuencia o algoritmo. Seleccionar movimientos, condiciones o bloques. Prueba Ejecutar el programa y observar el comportamiento. COODI realiza el recorrido. Reflexión Analizar errores, estrategias, aprendizaje y alternativas. Comparar el resultado con la planificación y depurar el algoritmo. 4', '. Dimensión Componentes principales Función Física Robot COODI, tablero, tarjetas, sensores, actuadores, material manipulativo. Permitir interacción tangible, movimiento, percepción y experimentación. Computacional Firmware, programación por bloques, programación textual, comunicación, servicios complementarios. Ejecutar algoritmos, controlar el robot y apoyar experiencias digitales. Pedagógica Modelo NDCC, cuadernillos, narrativas, desafíos, funciones ejecutivas y evaluación. Dar sentido educativo a la interacción tecnológica. 2.1 Componentes del ecosistema • Robot educativo COODI. • Programación tangible mediante tarjetas o comandos físicos. • Entorno de programación visual basado en bloques. • Programación textual para niveles de mayor complejidad. • Tablero de actividades y navegación', '. ¿Qué sensor utiliza para distancia? El HC -SR04 se utiliza para medir distancia mediante ultrasonido en configuraciones del robot. ¿Qué es NeuroCOODI? Es un componente complementario para evaluación cognitiva escolar e investigación de funciones ejecutivas, con pruebas como Stroop, Trail Making, Wisconsin Card Sorting y N -back. 31. Glosario Término Definición Actuador Componente que produce una acción física o perceptible, como un motor, servo, LED o buzzer. Algoritmo Secuencia ordenada de instrucciones para resolver un problema o realizar una tarea. Blockly Biblioteca para construir interfaces de programación visual basadas en bloques. COODIBOT Componente conversacional del ecosistema COODI. Depuración Proceso de identificar y corregir errores en un programa o solución', 'COODI | Documentación integral para corpus RAG Página 6 5. Funciones ejecutivas Las actividades con COODI pueden diseñarse para estimular procesos asociados a las funciones ejecutivas. COODI no se presenta como instrumento clínico; su uso se sitúa en experiencias educativas y, cuando corresponde, en evaluación investigativa con instru mentos definidos. Función ejecutiva Manifestación en una actividad COODI Ejemplo de evidencia observable Planificación Definir pasos antes de ejecutar. El estudiante anticipa la ruta y ordena comandos. Memoria de trabajo Mantener y manipular información relevante. Recuerda posición, meta y reglas mientras ajusta la secuencia. Control inhibitorio Evitar una respuesta impulsiva y comprobar antes de ejecutar. Revisa el algoritmo en lugar de iniciar de inmediato', 'COODI | Documentación integral para corpus RAG Página 22 Anexo A. Plantilla de metadatos por documento Campo Ejemplo id COODI -07 titulo Sensores y actuadores de COODI categoria hardware subcategoria sensores audiencia docente; estudiante; desarrollador nivel_educativo educacion_basica edad_recomendada 7-12 version 1.0 estado_documento vigente estado_funcional implemented / prototype / planned fecha_actualizacion 2026 -08-25 keywords sensor; ultrasonido; RFID; motores; servo source_type documentacion_oficial Anexo B', '. • Entorno de programación visual basado en bloques. • Programación textual para niveles de mayor complejidad. • Tablero de actividades y navegación. • Cuadernillos narrativos con desafíos STEM+IA. • NeuroCOODI para evaluación cognitiva y funciones ejecutivas. • COODIBOT como componente conversacional complementario. • Recursos de apoyo docente, instrumentos y materiales de evaluación. 3. Público objetivo y contextos de uso COODI está dirigido principalmente a estudiantes de educación básica. Las actividades se han concebido para rangos aproximados de 7 a 12 años, con adaptaciones que pueden extenderse a niveles entre 3.º y 8.º básico según la complejidad de la experiencia', '. coodi_pedagogy NDCC, funciones ejecutivas, pensamiento computacional, evaluación. coodi_hardware Arquitectura física, electrónica, sensores y actuadores. coodi_software Firmware, bloques, programación textual, comunicación y servicios. coodi_activities Cuadernillos, narrativas, talleres, misiones y KODARA. coodi_assessment NeuroCOODI, instrumentos, registros y analítica. coodi_governance Privacidad, ética, seguridad, accesibilidad, mantenimiento. coodi_faq Preguntas frecuentes y respuestas canónicas. 28.1 Audiencias sugeridas • estudiante • docente • facilitador • desarrollador • investigador • apoderado • administrador 29. Estrategia de chunking y metadatos 29.1 Chunking semántico No se recomienda fragmentar únicamente por número fijo de caracteres']","- Concepto Clave: Análisis de circuitos eléctricos simples mediante la interacción con componentes.
- Pasos: 
  1. Reúne materiales: batería, cables, bombilla y interruptor.
  2. Conecta los componentes en un circuito básico.
  3. Observa el funcionamiento al cerrar el circuito.
  4. Discute en grupo sobre el flujo de electricidad.
  5. Reflexiona sobre la importancia de cada componente.
- OA Vinculado: OA 5.1 - ""Identificar y analizar circuitos eléctricos simples"".
- Verificación: Comprueba que la bombilla encienda al cerrar el circuito y discute los resultados.","Identificar el circuito eléctrico básico de COODI, reconociendo cómo la batería entrega energía a la placa y a los motores. OA vinculado: CN05 OA10, Ciencias Naturales, 5° Básico.",0.0,0.5631349293644365,0.0,0.0,C10,Articulacion Curricular
"¿Cómo trabajo aristas, caras y paralelismo/perpendicularidad con COODI en 5° básico?","['.5º básico', '. Geometría 16 Identificar y dibujar puntos en el primer cuadrante del plano cartesiano, dadas sus coordenadas en números naturales. 17 Describir y dar ejemplos de aristas y caras de figuras 3D y lados de figuras 2D: ú que son paralelos ú que se intersectan ú que son perpendiculares', '228 Bases Curriculares Ú 1º a 6º Básico Patrones y álgebra11 Reconocer, describir, crear y continuar patrones repetitivos (sonidos, figuras, rit- mos...) y patrones numéricos hasta el 20, crecientes y decrecientes, usando mate-rial concreto, pictórico y simbólico, de manera manual y/o por medio de software educativo. 12 Describir y registrar la igualdad y la desigualdad como equilibrio y desequilibrio, usando una balanza en forma concreta, pictórica y simbólica del 0 al 20, usando el símbolo igual (=). Geometría 13 Describir la posición de objetos y personas con relación a sí mismos y a otros obje-tos y personas, usando un lenguaje común (como derecha e izquierda). 14 Identificar en el entorno figuras 3D y figuras 2D y relacionarlas, usando material concreto', '. 14 Realizar teselados de figuras 2D, usando traslaciones, reflexiones y rotaciones. 15 Construir ángulos agudos, obtusos, rectos, extendidos y completos con instrumentos geométricos o software geométrico. 16 Identificar los ángulos que se forman entre dos rectas que se cortan (pares de ángulos opuestos por el vértice y pares de ángulos complementarios). 17 Demostrar de manera concreta, pictórica y simbólica que la suma de los ángulos inte-riores de un triángulo es 180º y de un cuadrilátero es 360 o. Medición18 Calcular la superficie de cubos y paralelepípedos, expresando el resultado en cm2 y m2. 19 Calcular el volumen de cubos y paralelepípedos, expresando el resultado en cm3, m3 y mm3. 20 Estimar y medir ángulos, usando el transportador y expresando las mediciones en grados', '. coodi_pedagogy NDCC, funciones ejecutivas, pensamiento computacional, evaluación. coodi_hardware Arquitectura física, electrónica, sensores y actuadores. coodi_software Firmware, bloques, programación textual, comunicación y servicios. coodi_activities Cuadernillos, narrativas, talleres, misiones y KODARA. coodi_assessment NeuroCOODI, instrumentos, registros y analítica. coodi_governance Privacidad, ética, seguridad, accesibilidad, mantenimiento. coodi_faq Preguntas frecuentes y respuestas canónicas. 28.1 Audiencias sugeridas • estudiante • docente • facilitador • desarrollador • investigador • apoderado • administrador 29. Estrategia de chunking y metadatos 29.1 Chunking semántico No se recomienda fragmentar únicamente por número fijo de caracteres', '. • Usar rondas de prueba y depuración para observar adaptación de la estrategia. 6. Pensamiento computacional Habilidad Aplicación en COODI Descomposición Dividir una misión en movimientos, decisiones o subproblemas. Reconocimiento de patrones Detectar regularidades en recorridos, datos de sensores o comportamientos. Abstracción Identificar información relevante y descartar detalles que no afectan la solución. Algoritmos Crear una secuencia ordenada y reproducible de instrucciones. Evaluación Comparar el comportamiento obtenido con el comportamiento esperado. Depuración Localizar y corregir errores en la solución. La progresión de COODI facilita representar un mismo algoritmo en diferentes niveles: físicamente mediante tarjetas, visualmente mediante bloques y textualmente mediante código', '. Geometría 14 Describir la localización de un objeto en un mapa simple o en una cuadrícula. 15 Demostrar que comprenden la relación que existe entre figuras 3D y figuras 2D: ú construyendo una figura 3D a partir de una red (plantilla) ú desplegando la figura 3D 16 Describir cubos, paralelepípedos, esferas, conos, cilindros y pirámides de acuerdo a la forma de sus caras y el número de aristas y vértices. 17 Reconocer en el entorno figuras 2D que están trasladadas, reflejadas y rotadas. 18 Demostrar que comprenden el concepto de ángulo: ú identificando ejemplos de ángulos en el entorno ú estimando la medida de ángulos, usando como referente ángulos de 45º y de 90o', '. Los niveles no deben entenderse únicamente como una escala de dificultad; también representan diferentes formas de expresar un mismo algoritmo. Modalidad Interfaz Objetivo principal Ejemplos Tangible Tarjetas, tablero y objetos físicos. Comprender secuencia y planificación sin requerir sintaxis. Avanzar, girar, inicio y fin. Visual Bloques gráficos en una aplicación web. Trabajar estructuras de programación con menor carga sintáctica. Secuencias, ciclos, condiciones, sensores. Textual Arduino/C++ u otro código del entorno embebido. Profundizar en variables, funciones, estructuras y control del hardware. digitalWrite, lectura de sensores, funciones de movimiento. 12', '. 13 Demostrar, explicar y registrar la igualdad y la desigualdad en forma concreta y pictórica del 0 al 20, usando el símbolo igual (=) y los símbolos no igual (>, <). Geometría 14 Representar y describir la posición de objetos y personas con relación a sí mismos y a otros objetos y personas, incluyendo derecha e izquierda y usando material concreto y dibujos. 15 Describir, comparar y construir figuras 2D (triángulos, cuadrados, rectángulos y círculos) con material concreto. 16 Describir, comparar y construir figuras 3D (cubos, paralelepípedos, esferas y co-nos) con diversos materiales. Medición 17 Identificar días, semanas, meses y fechas en el calendario. 18 Leer horas y medias horas en relojes digitales, en el contexto de la resolución de problemas', 'como por favor, gracias, perdón, permiso 27 Expresarse de manera coherente y articulada sobre temas de su interés: ú organizando las ideas en introducción, desarrollo y cierre ú incorporando descripciones y ejemplos que ilustren las ideas4º básico']","- Concepto Clave: Las aristas y caras son elementos de figuras 3D, mientras que el paralelismo y perpendicularidad son relaciones entre líneas en figuras 2D.
  
- Pasos:
  1. Presenta figuras 3D (cubos, pirámides) y 2D (cuadrados, triángulos).
  2. Identifica y cuenta aristas y caras de las figuras 3D.
  3. Dibuja líneas paralelas y perpendiculares en figuras 2D.
  4. Discute ejemplos del entorno que muestren estas relaciones.

- OA Vinculado: OA 17 - Describir y dar ejemplos de aristas y caras de figuras 3D y lados de figuras 2D.

- Verificación: Observa si los estudiantes pueden identificar correctamente aristas, caras y dibujar líneas paralelas y perpendiculares.","Trazar en el suelo rutas con cinta adhesiva que sean paralelas y perpendiculares, y programar a COODI para recorrerlas. OA vinculado: MA05 OA17, Matemática, 5° Básico.",1.0,0.528656605275237,1.0,0.6087301587179841,C11,Articulacion Curricular
¿Qué actividad de COODI sirve para explicar transformación de energía en 6° básico?,"['. 9 Investigar en forma experimental la transformación de la energía de una forma a otra, dando ejemplos y comunicando sus conclusiones. 10 Demostrar, por medio de la investigación experimental, que el calor fluye de un objeto caliente a uno frío hasta que ambos alcanzan la misma temperatura. 11 Clasificar los recursos naturales energéticos en no renovables y renovables y proponer medidas para el uso responsable de la energía.Los estudiantes serán capaces de:Objetivos de Aprendizaje Ejes6º básico', '. Ciencias Físicas y Químicas8 Reconocer los cambios que experimenta la energía eléctrica al pasar de una forma a otra (eléctrica a calórica, sonora, lumínica, etc.) e investigar los princi-pales aportes de científicos en su estudio a lo largo del tiempo. 9 Construir un circuito eléctrico simple (cable, ampolleta, interruptor y pila), usarlo para resolver problemas cotidianos y explicar su funcionamiento.Los estudiantes serán capaces de:Objetivos de Aprendizaje Ejes5º básico', '. Alta COODI -PED Funciones ejecutivas, pensamiento computacional y evaluación. Alta COODI -ACT Cuadernillos, talleres, desafíos y narrativas. Media COODI -PRIV Privacidad, ética, seguridad y datos infantiles. Media COODI -FAQ Preguntas canónicas para estudiantes, docentes y familias. Media COODI -OPS Instalación, mantenimiento y solución de problemas.', '. Cuadernillo 3: “COODI y la Mente Digital: Explorando las Emociones con STEM e IA” Experiencias para introducir datos, pistas, patrones, emociones e IA desde una perspectiva educativa y responsable. Talleres Cada cuadernillo puede articular una secuencia de talleres o experiencias progresivas. Tarjetas de desafíos y comandos Material manipulativo para planificación y programación. Afiche y certificados Material de apoyo para implementación de talleres y reconocimiento de participación. 15.1 Estructura sugerida de una actividad 1. Objetivo de aprendizaje. 2. Narrativa o situación de inicio. 3. Pregunta de activación. 4. Desafío. 5. Materiales. 6. Construcción o preparación. 7. Programación colaborativa. 8. Prueba con COODI. 9. Registro del resultado. 10. Reflexión y transferencia. 16', '. coodi_pedagogy NDCC, funciones ejecutivas, pensamiento computacional, evaluación. coodi_hardware Arquitectura física, electrónica, sensores y actuadores. coodi_software Firmware, bloques, programación textual, comunicación y servicios. coodi_activities Cuadernillos, narrativas, talleres, misiones y KODARA. coodi_assessment NeuroCOODI, instrumentos, registros y analítica. coodi_governance Privacidad, ética, seguridad, accesibilidad, mantenimiento. coodi_faq Preguntas frecuentes y respuestas canónicas. 28.1 Audiencias sugeridas • estudiante • docente • facilitador • desarrollador • investigador • apoderado • administrador 29. Estrategia de chunking y metadatos 29.1 Chunking semántico No se recomienda fragmentar únicamente por número fijo de caracteres', '. Dimensión Componentes principales Función Física Robot COODI, tablero, tarjetas, sensores, actuadores, material manipulativo. Permitir interacción tangible, movimiento, percepción y experimentación. Computacional Firmware, programación por bloques, programación textual, comunicación, servicios complementarios. Ejecutar algoritmos, controlar el robot y apoyar experiencias digitales. Pedagógica Modelo NDCC, cuadernillos, narrativas, desafíos, funciones ejecutivas y evaluación. Dar sentido educativo a la interacción tecnológica. 2.1 Componentes del ecosistema • Robot educativo COODI. • Programación tangible mediante tarjetas o comandos físicos. • Entorno de programación visual basado en bloques. • Programación textual para niveles de mayor complejidad. • Tablero de actividades y navegación', '. • Entorno de programación visual basado en bloques. • Programación textual para niveles de mayor complejidad. • Tablero de actividades y navegación. • Cuadernillos narrativos con desafíos STEM+IA. • NeuroCOODI para evaluación cognitiva y funciones ejecutivas. • COODIBOT como componente conversacional complementario. • Recursos de apoyo docente, instrumentos y materiales de evaluación. 3. Público objetivo y contextos de uso COODI está dirigido principalmente a estudiantes de educación básica. Las actividades se han concebido para rangos aproximados de 7 a 12 años, con adaptaciones que pueden extenderse a niveles entre 3.º y 8.º básico según la complejidad de la experiencia', '. Etapa Propósito Ejemplo con COODI Narrativa Contextualizar la experiencia y generar motivación. COODI debe completar una misión en Marte o resolver una situación ambiental. Desafío Definir el problema o meta a alcanzar. Llegar a una zona del tablero evitando obstáculos. Construcción Preparar materiales, recorrido o componentes requeridos. Ubicar tarjetas, obstáculos, sensores o elementos del escenario. Programación colaborativa Diseñar en equipo la secuencia o algoritmo. Seleccionar movimientos, condiciones o bloques. Prueba Ejecutar el programa y observar el comportamiento. COODI realiza el recorrido. Reflexión Analizar errores, estrategias, aprendizaje y alternativas. Comparar el resultado con la planificación y depurar el algoritmo. 4', '. 20. Evaluación y analítica educativa La evaluación en COODI puede abordar tanto el producto de la actividad como el proceso. El interés no se limita a verificar si el robot llegó a la meta, sino también a analizar planificación, colaboración, explicación, depuración y transferencia del aprend izaje. Dimensión Indicadores posibles Algoritmo Secuencia correcta, uso de condiciones, eficiencia, depuración. Resolución de problemas Identificación del problema, estrategia y ajuste de la solución. Funciones ejecutivas Planificación, control de impulsividad, mantenimiento de reglas, flexibilidad. Colaboración Participación, comunicación, distribución de roles y toma de decisiones. STEM Comprensión de conceptos, medición, interpretación de datos y aplicación', 'COODI | Documentación integral para corpus RAG Página 5 Contexto Uso esperado Formación docente Demostración de metodologías activas, programación y robótica educativa. Investigación educativa Evaluación de interacción, aprendizaje, funciones ejecutivas y diseño de experiencias. Adaptación por edad. La edad recomendada no debe usarse como una restricción rígida. La selección de actividades depende del nivel de lectura, experiencia previa con programación, objetivos de aprendizaje y acompañamiento docente. 4. Modelo pedagógico NDCC NDCC es el modelo didáctico que organiza las experiencias de COODI. Su secuencia busca conectar una situación significativa con un desafío concreto, una construcción o manipulación, la programación colaborativa, la experimentación y la reflexión']","- Concepto Clave: La transformación de energía se refiere al cambio de una forma de energía a otra, como de energía eléctrica a energía calórica.
- Pasos: 
  1. Investiga ejemplos de transformación de energía.
  2. Construye un circuito eléctrico simple con COODI.
  3. Observa cómo la energía eléctrica se convierte en energía calórica al encender una ampolleta.
  4. Comunica tus conclusiones sobre el proceso.
- OA Vinculado: OA 9 - Investigar en forma experimental la transformación de la energía.
- Verificación: Comprueba que la ampolleta se enciende al activar el circuito, evidenciando la transformación de energía.","Analizar la transformación de energía en COODI: cómo la energía química de la batería se transforma en energía cinética (motores) y lumínica (LEDs). OA vinculado: CN06 OA08, Ciencias Naturales, 6° Básico.",1.0,0.4511285749746691,1.0,0.7783333333177667,C12,Articulacion Curricular
¿Cómo integro un objetivo de 6° básico sobre modificar un producto tecnológico usando COODI?,"['COODI | Documentación integral para corpus RAG Página 14 20.1 Diseño pre/post Cuando se realicen estudios de intervención, pueden utilizarse instrumentos pre/post y registros de actividad. Los datos de niños deben manejarse mediante protocolos éticos, minimización de datos, consentimiento de responsables y asentimiento cuando corres ponda. 21. Sostenibilidad y tecnología verde COODI incorpora sostenibilidad tanto como tema educativo como criterio de uso responsable de la tecnología. Las narrativas pueden abordar cambio climático, variables ambientales y decisiones de consumo energético. • Utilizar sensores ambientales para observar condiciones del entorno. • Promover el apagado o suspensión de componentes inactivos cuando sea técnicamente posible', 'COODI | Documentación integral para corpus RAG Página 4 Principio Descripción Accesibilidad tecnológica Se priorizan componentes de bajo costo y herramientas abiertas o ampliamente disponibles. Funcionamiento local Las actividades centrales pueden realizarse sin dependencia permanente de Internet. Modularidad Hardware, software y recursos pedagógicos pueden ampliarse sin redefinir todo el ecosistema. 2. Ecosistema y componentes COODI se organiza en una dimensión física, una dimensión computacional y una dimensión pedagógica. La integración de estas dimensiones permite que el robot actúe como medio para el aprendizaje y no únicamente como artefacto tecnológico. Dimensión Componentes principales Función Física Robot COODI, tablero, tarjetas, sensores, actuadores, material manipulativo', '. Debe responderse indicando que está en fase de prototipo. Planificado Extensión prevista o línea de desarrollo aún no integrada de forma estable. No debe afirmarse como una capacidad disponible. Criterio de consistencia. Ante información contradictoria entre versiones de documentos, debe prevalecer la fuente con mayor versión y fecha, y conservarse el historial de cambios. Índice de contenidos 1. Identidad y propósito de COODI 2. Ecosistema y componentes 3. Público objetivo y contextos de uso 4. Modelo pedagógico NDCC 5. Funciones ejecutivas 6. Pensamiento computacional 7. STEM e Inteligencia Artificial 8. Arquitectura física del robot 9. Electrónica, sensores y actuadores 10. Arquitectura computacional y comunicaciones 11. Entornos de programación 12. Programación tangible y tablero 13', 'COODI | Documentación integral para corpus RAG Página 22 Anexo A. Plantilla de metadatos por documento Campo Ejemplo id COODI -07 titulo Sensores y actuadores de COODI categoria hardware subcategoria sensores audiencia docente; estudiante; desarrollador nivel_educativo educacion_basica edad_recomendada 7-12 version 1.0 estado_documento vigente estado_funcional implemented / prototype / planned fecha_actualizacion 2026 -08-25 keywords sensor; ultrasonido; RFID; motores; servo source_type documentacion_oficial Anexo B', 'COODI | Documentación integral para corpus RAG Página 20 32. Ficha maestra de especificaciones Área Especificación consolidada Estado Identidad COODI = COnecta, Observa, Descompone, Innova. Vigente Público Educación básica; foco aproximado 7 –12 años; adaptable 3.º –8.º básico. Vigente Metodología NDCC: Narrativa → Desafío → Construcción → Programación colaborativa → Prueba → Reflexión. Vigente Programación Tangible, visual y textual. Vigente Control inicial Arduino UNO. Implementado Control ampliado ESP32 -WROOM -32 / Raspberry Pi Zero 2W según módulo. Prototipo/planificado Distancia HC-SR04. Implementado Movimiento 2 motores DC y servomotor SG90 según configuración. Implementado/prototipo Salida Buzzer y LED RGB/matriz RGB según versión. Implementado Ambiente DHT22', 'COODI | Documentación integral para corpus RAG Página 13 18.2 Pruebas consideradas Prueba Variable o proceso de interés Stroop Control inhibitorio, precisión y tiempos de respuesta. Trail Making Secuenciación, atención, velocidad y errores. Wisconsin Card Sorting Flexibilidad cognitiva y cambio de regla. N-back Memoria de trabajo. Alcance. NeuroCOODI debe presentarse como herramienta educativa/investigativa y no como sistema de diagnóstico clínico. 19. COODIBOT COODIBOT es el componente conversacional del ecosistema. Su función puede incluir orientación, respuestas sobre actividades o apoyo a la interacción con recursos educativos. Las implementaciones han considerado un back -end Flask y servicios de modelos de l enguaje. 19', '. • Usar rondas de prueba y depuración para observar adaptación de la estrategia. 6. Pensamiento computacional Habilidad Aplicación en COODI Descomposición Dividir una misión en movimientos, decisiones o subproblemas. Reconocimiento de patrones Detectar regularidades en recorridos, datos de sensores o comportamientos. Abstracción Identificar información relevante y descartar detalles que no afectan la solución. Algoritmos Crear una secuencia ordenada y reproducible de instrucciones. Evaluación Comparar el comportamiento obtenido con el comportamiento esperado. Depuración Localizar y corregir errores en la solución. La progresión de COODI facilita representar un mismo algoritmo en diferentes niveles: físicamente mediante tarjetas, visualmente mediante bloques y textualmente mediante código', 'COODI | Documentación integral para corpus RAG Página 5 Contexto Uso esperado Formación docente Demostración de metodologías activas, programación y robótica educativa. Investigación educativa Evaluación de interacción, aprendizaje, funciones ejecutivas y diseño de experiencias. Adaptación por edad. La edad recomendada no debe usarse como una restricción rígida. La selección de actividades depende del nivel de lectura, experiencia previa con programación, objetivos de aprendizaje y acompañamiento docente. 4. Modelo pedagógico NDCC NDCC es el modelo didáctico que organiza las experiencias de COODI. Su secuencia busca conectar una situación significativa con un desafío concreto, una construcción o manipulación, la programación colaborativa, la experimentación y la reflexión', '. coodi_pedagogy NDCC, funciones ejecutivas, pensamiento computacional, evaluación. coodi_hardware Arquitectura física, electrónica, sensores y actuadores. coodi_software Firmware, bloques, programación textual, comunicación y servicios. coodi_activities Cuadernillos, narrativas, talleres, misiones y KODARA. coodi_assessment NeuroCOODI, instrumentos, registros y analítica. coodi_governance Privacidad, ética, seguridad, accesibilidad, mantenimiento. coodi_faq Preguntas frecuentes y respuestas canónicas. 28.1 Audiencias sugeridas • estudiante • docente • facilitador • desarrollador • investigador • apoderado • administrador 29. Estrategia de chunking y metadatos 29.1 Chunking semántico No se recomienda fragmentar únicamente por número fijo de caracteres', '. Etapa Propósito Ejemplo con COODI Narrativa Contextualizar la experiencia y generar motivación. COODI debe completar una misión en Marte o resolver una situación ambiental. Desafío Definir el problema o meta a alcanzar. Llegar a una zona del tablero evitando obstáculos. Construcción Preparar materiales, recorrido o componentes requeridos. Ubicar tarjetas, obstáculos, sensores o elementos del escenario. Programación colaborativa Diseñar en equipo la secuencia o algoritmo. Seleccionar movimientos, condiciones o bloques. Prueba Ejecutar el programa y observar el comportamiento. COODI realiza el recorrido. Reflexión Analizar errores, estrategias, aprendizaje y alternativas. Comparar el resultado con la planificación y depurar el algoritmo. 4']","- Concepto Clave: Modificar un producto tecnológico implica adaptar o mejorar un dispositivo existente para cumplir nuevas funciones o resolver problemas específicos.

- Pasos:
  1. Identifica un producto tecnológico que los estudiantes puedan modificar.
  2. Define un desafío relacionado con el producto.
  3. Utiliza COODI para diseñar y programar la modificación.
  4. Realiza pruebas y ajustes en el diseño.

- OA Vinculado: OA 6° básico - ""Modificar un producto tecnológico para mejorar su funcionalidad"".

- Verificación: Comprueba que los estudiantes presenten el producto modificado y expliquen las mejoras realizadas.","Modificar estructuralmente a COODI integrando un nuevo actuador o sensor para resolver un problema, seleccionando y usando materiales, herramientas y técnicas. OA vinculado: TE06 OA03, Tecnología, 6° Básico.",1.0,0.4871418926163214,1.0,0.566071428561994,C13,Articulacion Curricular
¿Qué Objetivo de Aprendizaje de Tecnología se vincula con el sensor HC-SR04 en 5° básico?,"['. 25.3 Mantenimiento • Revisar conectores y tornillos periódicamente. • Limpiar sensores sin productos abrasivos. • Mantener firmware y aplicación asociados a una versión documentada. • Registrar sustituciones de componentes que alteren el comportamiento. 26. Casos de uso Caso Descripción Componentes Navegación en tablero Programar una ruta desde Inicio hasta Fin evitando obstáculos. Robot, tablero 6×6, tarjetas o bloques. Detección de obstáculos Usar distancia para detener o modificar el recorrido. HC-SR04, motores, condicionales. Misión ambiental Medir temperatura/humedad y relacionar datos con una narrativa ambiental. DHT22, robot, cuadernillo. Patrones e IA Observar pistas y discutir cómo un algoritmo puede identificar regularidades. Material narrativo, sensores o datos de ejemplo', 'COODI | Documentación integral para corpus RAG Página 8 • Modularidad para agregar sensores o interfaces. • Mantenimiento comprensible para docentes o facilitadores técnicos. 9. Electrónica, sensores y actuadores Componente Función Estado Uso educativo posible HC-SR04 Medición de distancia mediante ultrasonido. Implementado Obstáculos, navegación y condicionales. Motores DC amarillos (2) Desplazamiento del robot. Implementado Secuencias, trayectorias y control de movimiento. Servomotor SG90 Movimiento angular controlado. Implementado/prototipo Mecanismos, orientación o expresividad. Buzzer Salida sonora. Implementado Eventos, confirmación y retroalimentación. LED RGB / matriz RGB Salida visual mediante color o patrones', '. ¿Qué sensor utiliza para distancia? El HC -SR04 se utiliza para medir distancia mediante ultrasonido en configuraciones del robot. ¿Qué es NeuroCOODI? Es un componente complementario para evaluación cognitiva escolar e investigación de funciones ejecutivas, con pruebas como Stroop, Trail Making, Wisconsin Card Sorting y N -back. 31. Glosario Término Definición Actuador Componente que produce una acción física o perceptible, como un motor, servo, LED o buzzer. Algoritmo Secuencia ordenada de instrucciones para resolver un problema o realizar una tarea. Blockly Biblioteca para construir interfaces de programación visual basadas en bloques. COODIBOT Componente conversacional del ecosistema COODI. Depuración Proceso de identificar y corregir errores en un programa o solución', '. Buzzer Salida sonora. Implementado Eventos, confirmación y retroalimentación. LED RGB / matriz RGB Salida visual mediante color o patrones. Implementado según versión Estados, retroalimentación y codificación visual. DHT22 Temperatura y humedad. Implementado/prototipo según actividad STEM ambiental y adquisición de datos. Sensor infrarrojo / control IR Recepción de comandos o validación. Implementado en actividades Interacción y validación de desafíos. RFID Identificación de tarjetas u objetos. Planificado Programación tangible y reconocimiento de elementos. IMU Movimiento y orientación. Planificado Estimación de movimiento y actividades de física. OLED Visualización local. Limitado en Arduino UNO / sujeto a arquitectura Mensajes o estados del sistema. 9', '. OLED Visualización local. Limitado en Arduino UNO / sujeto a arquitectura Mensajes o estados del sistema. 9.1 Uso de sensores Los sensores deben introducirse pedagógicamente mediante la secuencia “variable física → dato → regla o algoritmo → acción”. Por ejemplo, el HC -SR04 mide una distancia; el programa compara ese valor con un umbral; si el objeto está cerca, COODI puede deten erse o modificar su recorrido. 9.2 Uso de actuadores Motores, servos, LEDs y buzzer son actuadores porque producen una respuesta física o perceptible. Su uso permite que los estudiantes observen inmediatamente el efecto de un algoritmo. 10. Arquitectura computacional y comunicaciones 10', '. Plantilla de chunk RAG { ""chunk_id"": ""COODI -07-HCSR04-01"", ""document_id"": ""COODI -07"", ""title"": ""Sensores y actuadores de COODI"", ""section"": ""Sensor ultrasónico HC -SR04"", ""category"": ""hardware"", ""audience"": [""docente"", ""desarrollador"", ""estudiante""], ""status"": ""implemented"", ""version"": ""1.0"", ""keywords"": [""HC -SR04"", ""ultrasonido"", ""distancia"", ""obstáculos""], ""content"": ""El sensor HC -SR04 permite estimar la distancia..."" } Anexo C', '. Profundizar en variables, funciones, estructuras y control del hardware. digitalWrite, lectura de sensores, funciones de movimiento. 12. Programación tangible y tablero La programación tangible permite que los estudiantes construyan físicamente una secuencia de instrucciones antes de enviarla o representarla en el robot. Esta modalidad reduce la barrera inicial de la sintaxis y favorece planificación, anticipación y discu sión colaborativa. 12.1 Tablero de navegación • Tablero de 6 × 6 posiciones para actividades de navegación y resolución de misiones. • Tarjetas de Inicio y Fin para delimitar la secuencia. • Tarjetas o comandos para avanzar y girar. • Elementos magnéticos o manipulativos según la actividad. • Validación mediante control infrarrojo en experiencias implementadas', '. Implementado/prototipo Salida Buzzer y LED RGB/matriz RGB según versión. Implementado Ambiente DHT22. Implementado/prototipo IR Control/recepción infrarroja para validación de actividades. Implementado RFID Identificación automática de tarjetas/objetos. Planificado IMU Orientación y movimiento. Planificado Tablero 6 × 6 con Inicio/Fin y comandos de navegación. Implementado en actividades Software visual Angular + Blockly. Prototipo/implementado según versión Texto Arduino/C++. Vigente Evaluación NeuroCOODI: Angular + Node/Express + MySQL; Stroop, Trail Making, Wisconsin, N -back. Prototipo Chatbot COODIBOT con back -end Flask y arquitectura compatible con RAG. Prototipo Conectividad Núcleo educativo offline; servicios complementarios pueden usar red. Principio vigente 33', 'COODI | Documentación integral para corpus RAG Página 20 32. Ficha maestra de especificaciones Área Especificación consolidada Estado Identidad COODI = COnecta, Observa, Descompone, Innova. Vigente Público Educación básica; foco aproximado 7 –12 años; adaptable 3.º –8.º básico. Vigente Metodología NDCC: Narrativa → Desafío → Construcción → Programación colaborativa → Prueba → Reflexión. Vigente Programación Tangible, visual y textual. Vigente Control inicial Arduino UNO. Implementado Control ampliado ESP32 -WROOM -32 / Raspberry Pi Zero 2W según módulo. Prototipo/planificado Distancia HC-SR04. Implementado Movimiento 2 motores DC y servomotor SG90 según configuración. Implementado/prototipo Salida Buzzer y LED RGB/matriz RGB según versión. Implementado Ambiente DHT22', '. Arduino/C++ es la referencia principal para las versiones basadas en Arduino o ESP32. 14.1 Objetivos formativos • Comprender declaraciones de variables y constantes. • Utilizar estructuras condicionales y repetitivas. • Crear funciones para encapsular comportamientos del robot. • Leer sensores y traducir valores a decisiones. • Controlar actuadores mediante pines y bibliotecas. • Comprender la relación entre software y hardware.']","- Concepto Clave: El HC-SR04 permite medir distancias mediante ultrasonido, facilitando la detección de obstáculos en proyectos de robótica.
- Pasos: 
  1. Introduce el sensor HC-SR04 a los estudiantes.
  2. Explica su funcionamiento y aplicaciones.
  3. Realiza una actividad donde midan distancias y programen el robot para evitar obstáculos.
- OA Vinculado: OA 5.1 - ""Identificar y utilizar sensores para resolver problemas en contextos tecnológicos.""
- Verificación: Comprueba que los estudiantes logren programar el robot para evitar obstáculos utilizando el HC-SR04.","OA 3, Tecnología, 5° Básico — diseñar y construir objetos tecnológicos que incluyan sistemas de control básicos.",0.75,0.6340514817250261,0.0,0.7088888888747111,C14,Articulacion Curricular
"Tengo 45 minutos de clase y necesito una actividad rápida vinculada a un OA de Matemática, ¿qué me recomiendas?","['Matemática 221 Bibliografía consultada araya, r. (2000). Inteligencia matemática. Santia- go, Chile: Editorial Universitaria araya, r. (2006). Estrategias de la enseñanza de la Matemática pdf. Organización de los Estados Americanos (OEA) Baum, m. (2003). Mathematik in der Grundschule: [ein Arbeitsbuch]. Seelze: Kallmeyer. Ban Har, y. (2010). Bar Modelling , a problema- solving tool. Singapore: Marshall Cavendish Education. CavanagH, m. (2006). Math to know. USA, Califor- nia: Great Source Education Group. CHamorro, P. m. C. (2008). Didáctica de la Mate- mática para primaria. Madrid [etc.: Pearson Prentice Hall. Cofré, J. a., taPIa, a. l., & luCCHInI, g. (2002). Matemática recreativa en el aula. Santiago, Chile: FUNDAR. Cofré, a., taPIa, l. (2003)', 'Matemática253 Números y Operaciones1 Demostrar que comprenden los factores y los múltiplos: ú determinando los múltiplos y los factores de números naturales menores de 100 ú identificando números primos y compuestos ú resolviendo problemas que involucran múltiplos 2 Realizar cálculos que involucren las cuatro operaciones en el contexto de la resolución de problemas, utilizando la calculadora en ámbitos superiores a 10 000. 3 Demostrar que comprenden el concepto de razón de manera concreta, pictó-rica y simbólica, en forma manual y/o usando software educativo. 4 Demostrar que comprenden el concepto de porcentaje de manera concreta, pictórica y simbólica, de forma manual y/o usando software educativo', '. Las actitudes a desarrollar en la asignatura de Matemática son las siguientes: MANIFEST Ar uN ESTILO dE TrABA jO OrdENAdO Y mE tÓDICo El desarrollo de los objetivos de aprendizaje requiere de un trabajo meticuloso con los datos y la información, para poder operar con ellos de forma adecuada. Esto tiene que comenzar desde los primeros niveles, sin contraponerlo con la creatividad y la flexibilidad. AboRDAR DE mANERA fLExIbLE Y CREA tIv A LA BúSQuEd A dE SOLuCIONES A PrOBLEMAS Desde los Objetivos de Aprendizaje se ofrecen oportuni- dades para desarrollar la flexibilidad y la creatividad por medio de la búsqueda de soluciones a problemas; entre ellas, explorar diversas estrategias, escuchar el razo- namiento de los demás y usar el material concreto de diversas maneras', '. Cofré, J. a., taPIa, a. l., & luCCHInI, g. (2002). Matemática recreativa en el aula. Santiago, Chile: FUNDAR. Cofré, a., taPIa, l. (2003). Cómo desarrollar el pen- samiento lógico matemático. Santiago, Chile: Editorial Universitaria CurrICulum assoCIates, InC. (2006). Comprehen- sive assessment of mathematics strategies II. North Billerica, MA: Curriculum Associates.DíaZ, g. J. (2004). Didáctica de las matemáticas para maestros: Manual para el estudiante. Granada: Departamento de Didáctica de la Matemática, Universidad de Granada. euryDICe (organIZaCIón) & ComIsIón euroPea (2003). Eurydice: La red europea de informa-ción en educación. Bruselas: Eurydice. flasH KIDs (2010). Math for the Gifted Student Grade 2. Spark Pub Group. forest, r. g., & CurrICulum assoCIates, InC. (2006)', '. ú usando la propiedad distributiva de la multiplicación respecto de la suma ú aplicando el algoritmo de la multiplicación ú resolviendo problemas rutinarios 6 Resolver problemas rutinarios y no rutinarios que involucren las cuatro opera-ciones y combinaciones de ellas: ú que incluyan situaciones con dinero ú usando la calculadora y el computador en ámbitos numéricos superiores al 10.000Los estudiantes serán capaces de:Objetivos de Aprendizaje Ejes5º básico', '. g Comprobar una solución y fundamentar su razonamiento. h Escuchar el razonamiento de otros para enriquecerse y para corregir errores. Modelar i Aplicar, seleccionar, modificar y evaluar modelos que involucren las cuatro opera-ciones con números naturales y fracciones, la ubicación en la recta numérica y en el plano, y el análisis de datos. j Expresar, a partir de representaciones pictóricas y explicaciones dadas, acciones y situaciones cotidianas en lenguaje matemático. k Identificar regularidades en expresiones numéricas y geométricas. representar l Utilizar formas de representación adecuadas, como esquemas y tablas, con un lenguaje técnico específico y con los símbolos matemáticos correctos', '. g Describir una situación del entorno con una expresión matemática, con una ecuación o con una representación pictórica. h Escuchar el razonamiento de otros para enriquecerse y para corregir errores. Modelar i Aplicar, seleccionar y evaluar modelos que involucren las cuatro operaciones y la ubicación en la recta numérica y en el plano. j Expresar, a partir de representaciones pictóricas y explicaciones dadas, accio-nes y situaciones cotidianas en lenguaje matemático. k Identificar regularidades en expresiones numéricas y geométricas. representar l Utilizar formas de representación adecuadas, como esquemas y tablas, con un lenguaje técnico específico y con los símbolos matemáticos correctos. m Crear un problema real a partir de una expresión matemática, una ecuación o una representación', 'ú aplicando los resultados de las tablas de multiplicación hasta 10 · 10, sin realizar cálculos 10 Resolver problemas rutinarios en contextos cotidianos, que incluyan dinero e involu-cren las cuatro operaciones (no combinadas)', '. 8 Resolver problemas rutinarios y no rutinarios que involucren adiciones y sus-tracciones de fracciones propias, impropias, números mixtos o decimales hasta la milésima. Patrones y álgebra 9 Demostrar que comprenden la relación entre los valores de una tabla y aplicarla en la resolución de problemas sencillos: ú identificando patrones entre los valores de la tabla ú formulando una regla con lenguaje matemáticoLos estudiantes serán capaces de:Objetivos de Aprendizaje Ejes6º básico', '. j Traducir expresiones de lenguaje natural a lenguaje matemático y viceversa. k Modelar matemáticamente situaciones cotidianas: ú organizando datos ú identificando patrones o regularidades ú usando simbología matemática para expresarlas representar l Extraer información del entorno y representarla matemáticamente en diagra-mas, tablas y gráficos, interpretando los datos extraídos. m Usar representaciones y estrategias para comprender mejor problemas e infor-mación matemática. n Imaginar una situación y expresarla por medio de modelos matemáticos..Objetivos de Aprendizaje Los estudiantes serán capaces de:Habilidades']","- Concepto Clave: Identificación de múltiplos y factores de números naturales.
- Pasos: 
  1. Divide a los estudiantes en grupos pequeños.
  2. Asigna un número natural menor de 100 a cada grupo.
  3. Pide a los grupos que identifiquen los múltiplos y factores de su número.
  4. Cada grupo presenta sus hallazgos al resto de la clase.
- OA Vinculado: Matemática 253, Números y Operaciones 1: ""Demostrar que comprenden los factores y los múltiplos"".
- Verificación: Revisa las presentaciones y verifica si los grupos identificaron correctamente los múltiplos y factores.","Depende del nivel: por ejemplo, en 1° básico programar secuencias repetitivas (MA01 OA11); en 5° básico trazar rutas paralelas/perpendiculares (MA05 OA17). Elegir según el curso y priorizar actividades breves y accionables dentro del tiempo de clase.",0.25,0.35806554760520065,1.0,0.6844246031660479,C15,Articulacion Curricular
¿Qué asignaturas se pueden trabajar de forma interdisciplinaria usando COODI en 1° básico?,"['. Alta COODI -PED Funciones ejecutivas, pensamiento computacional y evaluación. Alta COODI -ACT Cuadernillos, talleres, desafíos y narrativas. Media COODI -PRIV Privacidad, ética, seguridad y datos infantiles. Media COODI -FAQ Preguntas canónicas para estudiantes, docentes y familias. Media COODI -OPS Instalación, mantenimiento y solución de problemas.', '. coodi_pedagogy NDCC, funciones ejecutivas, pensamiento computacional, evaluación. coodi_hardware Arquitectura física, electrónica, sensores y actuadores. coodi_software Firmware, bloques, programación textual, comunicación y servicios. coodi_activities Cuadernillos, narrativas, talleres, misiones y KODARA. coodi_assessment NeuroCOODI, instrumentos, registros y analítica. coodi_governance Privacidad, ética, seguridad, accesibilidad, mantenimiento. coodi_faq Preguntas frecuentes y respuestas canónicas. 28.1 Audiencias sugeridas • estudiante • docente • facilitador • desarrollador • investigador • apoderado • administrador 29. Estrategia de chunking y metadatos 29.1 Chunking semántico No se recomienda fragmentar únicamente por número fijo de caracteres', '. • Entorno de programación visual basado en bloques. • Programación textual para niveles de mayor complejidad. • Tablero de actividades y navegación. • Cuadernillos narrativos con desafíos STEM+IA. • NeuroCOODI para evaluación cognitiva y funciones ejecutivas. • COODIBOT como componente conversacional complementario. • Recursos de apoyo docente, instrumentos y materiales de evaluación. 3. Público objetivo y contextos de uso COODI está dirigido principalmente a estudiantes de educación básica. Las actividades se han concebido para rangos aproximados de 7 a 12 años, con adaptaciones que pueden extenderse a niveles entre 3.º y 8.º básico según la complejidad de la experiencia', 'COODI | Documentación integral para corpus RAG Página 7 Área Ejemplos de integración Ciencia Variables ambientales, sensores, observación de fenómenos y registro de datos. Tecnología Programación, electrónica, interfaces y comunicación. Ingeniería Diseño, construcción, iteración, restricciones y solución de problemas. Matemática Distancia, orientación, secuencias, estimación, coordenadas y patrones. 7.2 Inteligencia Artificial para niños En los materiales de COODI, la Inteligencia Artificial debe explicarse de manera precisa y comprensible. Un sistema de IA puede utilizar datos para identificar patrones y producir estimaciones o decisiones, pero esto no implica que comprenda emociones, int enciones o situaciones de la misma forma que una persona. Regla conceptual para materiales infantiles', '380 Bases Curriculares Ú 1º a 6º Básico Este eje desarrolla la capacidad de insertarse en los espacios de participación, específicamente en su comu-nidad escolar, adquiriendo las herramientas que permi-tan al alumno integrarse de manera responsable, activa y democrática, demostrando respeto por los otros y por los acuerdos tomados. Los objetivos de este eje se hacen cargo de propósitos formativos asociados a la instancia de Consejo de Curso, entendiéndola esta como un espa- Este eje promueve el desarrollo de hábitos y actitudes que favorecen el aprendizaje y que son relevantes para el desarrollo intelectual y académico de los estudiantes, como el esfuerzo, la perseverancia, la responsabilidad y cio de participación institucionalizada, de organización y de toma de decisiones democráticas', 'COODI | Documentación integral para corpus RAG Página 20 32. Ficha maestra de especificaciones Área Especificación consolidada Estado Identidad COODI = COnecta, Observa, Descompone, Innova. Vigente Público Educación básica; foco aproximado 7 –12 años; adaptable 3.º –8.º básico. Vigente Metodología NDCC: Narrativa → Desafío → Construcción → Programación colaborativa → Prueba → Reflexión. Vigente Programación Tangible, visual y textual. Vigente Control inicial Arduino UNO. Implementado Control ampliado ESP32 -WROOM -32 / Raspberry Pi Zero 2W según módulo. Prototipo/planificado Distancia HC-SR04. Implementado Movimiento 2 motores DC y servomotor SG90 según configuración. Implementado/prototipo Salida Buzzer y LED RGB/matriz RGB según versión. Implementado Ambiente DHT22', 'COODI | Documentación integral para corpus RAG Página 5 Contexto Uso esperado Formación docente Demostración de metodologías activas, programación y robótica educativa. Investigación educativa Evaluación de interacción, aprendizaje, funciones ejecutivas y diseño de experiencias. Adaptación por edad. La edad recomendada no debe usarse como una restricción rígida. La selección de actividades depende del nivel de lectura, experiencia previa con programación, objetivos de aprendizaje y acompañamiento docente. 4. Modelo pedagógico NDCC NDCC es el modelo didáctico que organiza las experiencias de COODI. Su secuencia busca conectar una situación significativa con un desafío concreto, una construcción o manipulación, la programación colaborativa, la experimentación y la reflexión', 'COODI | Documentación integral para corpus RAG Página 4 Principio Descripción Accesibilidad tecnológica Se priorizan componentes de bajo costo y herramientas abiertas o ampliamente disponibles. Funcionamiento local Las actividades centrales pueden realizarse sin dependencia permanente de Internet. Modularidad Hardware, software y recursos pedagógicos pueden ampliarse sin redefinir todo el ecosistema. 2. Ecosistema y componentes COODI se organiza en una dimensión física, una dimensión computacional y una dimensión pedagógica. La integración de estas dimensiones permite que el robot actúe como medio para el aprendizaje y no únicamente como artefacto tecnológico. Dimensión Componentes principales Función Física Robot COODI, tablero, tarjetas, sensores, actuadores, material manipulativo', '. COODIBOT Componente conversacional del ecosistema COODI. Depuración Proceso de identificar y corregir errores en un programa o solución. Funciones ejecutivas Procesos cognitivos de control como planificación, memoria de trabajo, inhibición y flexibilidad. HC-SR04 Sensor ultrasónico utilizado para medir distancia. IA Inteligencia Artificial; sistemas capaces de realizar tareas como clasificación, predicción o reconocimiento de patrones a partir de reglas o datos. KODARA Propuesta lúdica de Código, Descubrir y Razonar asociada al ecosistema. NDCC Modelo: Narrativa, Desafío, Construcción, Programación colaborativa, Prueba y Reflexión. NeuroCOODI Plataforma complementaria de evaluación cognitiva escolar', '. La integración interdisciplinaria favorece la comprensión profunda y la aplicación de los conocimientos. Se define asignatura 20 como el conjunto de saberes, experiencias y habilidades relacionados con una o varias disciplinas deter-minadas o con un aspecto del desarrollo del niño, que han sido agrupados y secuenciados en el contexto del currícu- lum escolar con el fin de organizar y promover los apren- dizajes correspondientes. Para los seis años de Educación Básica, se consideran nueve asignaturas obligatorias para todos los establecimientos. Adicionalmente se contempla la asignatura de Lengua Indígena obligatoria para estable-cimientos con alta densidad de matrícula indígena']","- Concepto Clave: (Interdisciplinariedad en educación)
La interdisciplinariedad permite integrar conocimientos de diversas asignaturas para enriquecer el aprendizaje.

- Pasos:
1. Selecciona un tema central que relacione varias asignaturas.
2. Diseña actividades que incluyan ciencia, tecnología, ingeniería, matemáticas y lenguaje.
3. Implementa el uso de COODI para realizar proyectos prácticos.
4. Fomenta la reflexión sobre el aprendizaje en cada asignatura.

- OA Vinculado: (Código y descripción del OA)
OA 28.1: Promueve la participación activa y responsable en la comunidad escolar.

- Verificación: 
Observa la integración de conceptos en las actividades y la participación de los estudiantes en el proceso.","En 1° básico, COODI permite vincular Tecnología (TE01 OA01, diseño mediante dibujos) y Matemática (MA01 OA11, patrones repetitivos).",0.5714285714285714,0.49479154100943007,1.0,0.7579365079238757,C16,Articulacion Curricular
¿COODI tiene Objetivos de Aprendizaje propios en las bases curriculares?,"['. • Entorno de programación visual basado en bloques. • Programación textual para niveles de mayor complejidad. • Tablero de actividades y navegación. • Cuadernillos narrativos con desafíos STEM+IA. • NeuroCOODI para evaluación cognitiva y funciones ejecutivas. • COODIBOT como componente conversacional complementario. • Recursos de apoyo docente, instrumentos y materiales de evaluación. 3. Público objetivo y contextos de uso COODI está dirigido principalmente a estudiantes de educación básica. Las actividades se han concebido para rangos aproximados de 7 a 12 años, con adaptaciones que pueden extenderse a niveles entre 3.º y 8.º básico según la complejidad de la experiencia', '14 Bases Curriculares Ú 1º a 6º Básico Principales innovaciones Sin perjuicio de lo anterior, las principales innovaciones que presentan estas Bases con respecto a los instrumen-tos anteriores se refieren a: 1. Se reemplaza la forma de prescribir el currículum en Objetivos Fundamentales, Contenidos Mínimos Obligatorios y Objetivos Transversales por Objetivos de Aprendizaje (OA) y Objetivos de Aprendizaje Transver- sales (OAT). Los Objetivos de Aprendizaje relacionan en forma más explícita las habilidades, los conocimientos y las actitudes y evidencian en forma clara y precisa cuál es el aprendizaje que el estudiante debe lograr. Se conforma así un currículum centrado en el apren-dizaje, que declara explícitamente cuál es el foco del quehacer educativo. 2', 'Bases Curriculares Ú 1º a 6º Básico 80 marZano, r. J. y KenDall, J.s. (2008). Designing and assessing educational objectives: Applying the new taxonomy. California, EE.UU.: Corw-nin Press. oates, t. (2009). Missing the point; Identifying a well-grounded common core. Comment on trend in the development of the National Curriculum Research Matters, October 2009 oCDe (2010). Organización para la Cooperación y el Desarrollo Económico & Instituto de Tecnolo- gías Educativas. Habilidades y competencias del siglo XXI para los aprendices del nuevo milenio en los países de la OCDE. Recuperado de: http://recursostic.educacion.es/blogs/europa/media/blogs/europa/informes/Habilidades_y_competencias_siglo21_OCDE.pdf oeCD (2007). Organisation for Economic Coopera- tion and Development. PISA 2006', '300 Bases Curriculares Ú 1º a 6º Básico Los Objetivos de Aprendizaje de Lenguaje y Comunica- ción promueven un conjunto de actitudes para todo el ciclo básico, que derivan de los Objetivos de Aprendizaje Transversales (OAT). Dada su relevancia para el apren- dizaje en el contexto de cada disciplina, estas se deben desarrollar de manera integrada con los conocimientos y habilidades propios de la asignatura. Las actitudes aquí definidas son Objetivos de Aprendizaje que deben ser promovidos para la formación integral de los estudiantes en la asignatura. Los establecimientos pueden planificar, organizar, desarrollar y complementar las actitudes propuestas según sean las necesidades de su propio proyecto y su realidad educativa', 'COODI | Documentación integral para corpus RAG Página 5 Contexto Uso esperado Formación docente Demostración de metodologías activas, programación y robótica educativa. Investigación educativa Evaluación de interacción, aprendizaje, funciones ejecutivas y diseño de experiencias. Adaptación por edad. La edad recomendada no debe usarse como una restricción rígida. La selección de actividades depende del nivel de lectura, experiencia previa con programación, objetivos de aprendizaje y acompañamiento docente. 4. Modelo pedagógico NDCC NDCC es el modelo didáctico que organiza las experiencias de COODI. Su secuencia busca conectar una situación significativa con un desafío concreto, una construcción o manipulación, la programación colaborativa, la experimentación y la reflexión', '144 Bases Curriculares Ú 1º a 6º Básico En términos curriculares, en la presente propuesta los Objetivos de Aprendizaje (OA) se presentan en tres ejes disci- plinares: Historia, Geografía y Formación Ciudadana. La opción de explicitar los ejes responde al propósito de poten-ciarlos, de modo que se complementen e interactúen para que los estudiantes alcancen los objetivos globales de la asignatura y logren un desarrollo integral. Los Objetivos de Aprendizaje se organizan en cada nivel de acuerdo a esos tres ejes, los que no implican una definición del orden en que se deben tratar los OA a lo largo del año escolar', '380 Bases Curriculares Ú 1º a 6º Básico Este eje desarrolla la capacidad de insertarse en los espacios de participación, específicamente en su comu-nidad escolar, adquiriendo las herramientas que permi-tan al alumno integrarse de manera responsable, activa y democrática, demostrando respeto por los otros y por los acuerdos tomados. Los objetivos de este eje se hacen cargo de propósitos formativos asociados a la instancia de Consejo de Curso, entendiéndola esta como un espa- Este eje promueve el desarrollo de hábitos y actitudes que favorecen el aprendizaje y que son relevantes para el desarrollo intelectual y académico de los estudiantes, como el esfuerzo, la perseverancia, la responsabilidad y cio de participación institucionalizada, de organización y de toma de decisiones democráticas', '84 Bases Curriculares Ú 1º a 6º Básico Objetivos de Aprendizaje Habilidades Observar y preguntara Explorar y observar la naturaleza, usando los sentidos apropiadamente durante investigaciones experimentales guiadas. Experimentar b Explorar y experimentar, en forma guiada, con elementos del entorno, utilizan-do la observación, la medición con unidades no estandarizadas y la manipula-ción de materiales simples. c Seguir las instrucciones para utilizar los materiales y los instrumentos en forma segura. Analizar la evidencia y comunicard Comunicar y comparar con otros sus ideas, observaciones y experiencias de forma oral y escrita, y por medio de juegos de roles y dibujos, entre otros.Los estudiantes serán capaces de:', '24 Bases Curriculares Ú 1º a 6º Básico La Ley General de Educación establece que la categoría de prescripción curricular son los Objetivos de Aprendi-zaje (OA). Las Bases Curriculares definen dos categorías de Objetivos de Aprendizaje que, en su conjunto, dan cuenta de los conocimientos, las habilidades y las actitu- des que los alumnos deben aprender para satisfacer los objetivos generales para el nivel de Educación Básica indicados en la ley. Estos son Objetivos de Aprendizaje Transversales para todo el ciclo y Objetivos de Aprendi-zaje por curso y asignatura. Objetivos de Aprendizaje Transversales (OA T) para el ciclo Son aquellos que derivan de los Objetivos Generales de la ley y se refieren al desarrollo personal y a la conducta mo-ral y social de los estudiantes', '. Por último, las bases de Orientación incluyen también ob- jetivos orientados a favorecer el proceso de aprendizaje, mediante el cultivo de actitudes como la responsabilidad, el esfuerzo, la perseverancia, la honestidad y la adquisi- ción de estrategias para organizar el trabajo escolar. La implementación de las bases desde 1° básico en adelante, promueve y exige cada vez mayores niveles de autonomía en los alumnos. A su vez, los objetivos pro-Introducción']","- Concepto Clave: COODI no tiene Objetivos de Aprendizaje propios, sino que se alinea con los Objetivos de Aprendizaje (OA) establecidos en las bases curriculares.
- Pasos: 1. Revisa las bases curriculares. 2. Identifica los OA relevantes para tu nivel educativo. 3. Integra actividades de COODI que apoyen esos OA.
- OA Vinculado: OA de Lenguaje y Comunicación, que promueve actitudes y habilidades integradas en el aprendizaje.
- Verificación: Comprueba que las actividades de COODI logran los aprendizajes esperados en los OA seleccionados.","No. La robótica es una actividad extracurricular en Chile y no tiene OA propios; el docente debe identificar qué OA de Tecnología, Matemática o Ciencias Naturales pueden vincularse a cada actividad con COODI.",0.375,0.6588595151410982,0.0,0.0,C17,Articulacion Curricular
¿Puedo usar COODI para trabajar un OA de 7° básico?,"['.5º básico', '.6º básico', '.6º básico', '. Alta COODI -PED Funciones ejecutivas, pensamiento computacional y evaluación. Alta COODI -ACT Cuadernillos, talleres, desafíos y narrativas. Media COODI -PRIV Privacidad, ética, seguridad y datos infantiles. Media COODI -FAQ Preguntas canónicas para estudiantes, docentes y familias. Media COODI -OPS Instalación, mantenimiento y solución de problemas.', 'COODI | Documentación integral para corpus RAG Página 20 32. Ficha maestra de especificaciones Área Especificación consolidada Estado Identidad COODI = COnecta, Observa, Descompone, Innova. Vigente Público Educación básica; foco aproximado 7 –12 años; adaptable 3.º –8.º básico. Vigente Metodología NDCC: Narrativa → Desafío → Construcción → Programación colaborativa → Prueba → Reflexión. Vigente Programación Tangible, visual y textual. Vigente Control inicial Arduino UNO. Implementado Control ampliado ESP32 -WROOM -32 / Raspberry Pi Zero 2W según módulo. Prototipo/planificado Distancia HC-SR04. Implementado Movimiento 2 motores DC y servomotor SG90 según configuración. Implementado/prototipo Salida Buzzer y LED RGB/matriz RGB según versión. Implementado Ambiente DHT22', '. coodi_pedagogy NDCC, funciones ejecutivas, pensamiento computacional, evaluación. coodi_hardware Arquitectura física, electrónica, sensores y actuadores. coodi_software Firmware, bloques, programación textual, comunicación y servicios. coodi_activities Cuadernillos, narrativas, talleres, misiones y KODARA. coodi_assessment NeuroCOODI, instrumentos, registros y analítica. coodi_governance Privacidad, ética, seguridad, accesibilidad, mantenimiento. coodi_faq Preguntas frecuentes y respuestas canónicas. 28.1 Audiencias sugeridas • estudiante • docente • facilitador • desarrollador • investigador • apoderado • administrador 29. Estrategia de chunking y metadatos 29.1 Chunking semántico No se recomienda fragmentar únicamente por número fijo de caracteres', 'COODI | Documentación integral para corpus RAG Página 22 Anexo A. Plantilla de metadatos por documento Campo Ejemplo id COODI -07 titulo Sensores y actuadores de COODI categoria hardware subcategoria sensores audiencia docente; estudiante; desarrollador nivel_educativo educacion_basica edad_recomendada 7-12 version 1.0 estado_documento vigente estado_funcional implemented / prototype / planned fecha_actualizacion 2026 -08-25 keywords sensor; ultrasonido; RFID; motores; servo source_type documentacion_oficial Anexo B', 'COODI | Documentación integral para corpus RAG Página 13 18.2 Pruebas consideradas Prueba Variable o proceso de interés Stroop Control inhibitorio, precisión y tiempos de respuesta. Trail Making Secuenciación, atención, velocidad y errores. Wisconsin Card Sorting Flexibilidad cognitiva y cambio de regla. N-back Memoria de trabajo. Alcance. NeuroCOODI debe presentarse como herramienta educativa/investigativa y no como sistema de diagnóstico clínico. 19. COODIBOT COODIBOT es el componente conversacional del ecosistema. Su función puede incluir orientación, respuestas sobre actividades o apoyo a la interacción con recursos educativos. Las implementaciones han considerado un back -end Flask y servicios de modelos de l enguaje. 19', '. COODIBOT Componente conversacional del ecosistema COODI. Depuración Proceso de identificar y corregir errores en un programa o solución. Funciones ejecutivas Procesos cognitivos de control como planificación, memoria de trabajo, inhibición y flexibilidad. HC-SR04 Sensor ultrasónico utilizado para medir distancia. IA Inteligencia Artificial; sistemas capaces de realizar tareas como clasificación, predicción o reconocimiento de patrones a partir de reglas o datos. KODARA Propuesta lúdica de Código, Descubrir y Razonar asociada al ecosistema. NDCC Modelo: Narrativa, Desafío, Construcción, Programación colaborativa, Prueba y Reflexión. NeuroCOODI Plataforma complementaria de evaluación cognitiva escolar', 'COODI | Documentación integral para corpus RAG Página 5 Contexto Uso esperado Formación docente Demostración de metodologías activas, programación y robótica educativa. Investigación educativa Evaluación de interacción, aprendizaje, funciones ejecutivas y diseño de experiencias. Adaptación por edad. La edad recomendada no debe usarse como una restricción rígida. La selección de actividades depende del nivel de lectura, experiencia previa con programación, objetivos de aprendizaje y acompañamiento docente. 4. Modelo pedagógico NDCC NDCC es el modelo didáctico que organiza las experiencias de COODI. Su secuencia busca conectar una situación significativa con un desafío concreto, una construcción o manipulación, la programación colaborativa, la experimentación y la reflexión']","- Concepto Clave: COODI es un ecosistema educativo adaptable para educación básica, enfocado en estudiantes de 7 a 12 años.
- Pasos: 1. Revisa el contenido del OA de 7° básico. 2. Identifica los objetivos de aprendizaje. 3. Selecciona actividades de COODI que se alineen con esos objetivos. 4. Implementa las actividades en clase.
- OA Vinculado: OA 7° básico - Aprendizaje de programación y robótica.
- Verificación: Observa la participación y comprensión de los estudiantes durante las actividades y evalúa si se alcanzaron los objetivos de aprendizaje.","El corpus curricular indexado por COODIBOT se limita a Educación Básica, específicamente de 1° a 6° básico, para evitar dispersión semántica y maximizar la precisión. No hay información indexada para 7° básico en esta versión del sistema.",0.4444444444444444,0.610429071574159,0.0,0.4023809523729048,C18,Articulacion Curricular
¿Qué orientaciones del Mineduc debo considerar si quiero trabajar robótica con enfoque de género?,"['. Área Recomendación Roles de equipo Rotar programación, construcción, registro, prueba y explicación. Material visual Usar contraste suficiente, iconografía clara y texto legible. Instrucciones Combinar explicaciones orales, visuales y manipulativas. Ritmos de aprendizaje Permitir repetición, ejemplos y niveles de dificultad. Participación Evitar que una sola persona controle permanentemente el robot o computador. Lenguaje Utilizar formulaciones inclusivas y ejemplos diversos. 23. Privacidad, seguridad y ética COODI está dirigido a población infantil, por lo que cualquier tratamiento de datos debe aplicar un estándar reforzado de protección. La recolección de datos no debe asumirse como necesaria para toda actividad; cuando no sea indispensable, debe evitarse. 23', '. • Desarrollar pensamiento computacional y estrategias de resolución de problemas. • Promover planificación, memoria de trabajo, control inhibitorio y flexibilidad cognitiva. • Articular experiencias STEM y conceptos introductorios de Inteligencia Artificial. • Favorecer colaboración, creatividad, pensamiento crítico y comunicación. • Ofrecer una alternativa de bajo costo, replicable y con funcionamiento fundamentalmente offline. 1.4 Principios de diseño Principio Descripción Tangibilidad El aprendizaje se apoya en la manipulación del robot, tarjetas, tablero y materiales físicos. Progresión La programación puede avanzar desde instrucciones tangibles hacia bloques visuales y luego código textual', '. • Promover el apagado o suspensión de componentes inactivos cuando sea técnicamente posible. • Explicar consumo energético de sensores, motores y comunicaciones. • Favorecer piezas reparables y reemplazables. • Reutilizar material didáctico y componentes electrónicos. • Relacionar decisiones de ingeniería con impacto ambiental. 22. Inclusión, accesibilidad y enfoque de género El diseño de actividades debe favorecer participación equitativa y evitar que roles técnicos queden asignados de manera estereotipada. La accesibilidad debe considerarse tanto en materiales impresos como en interfaces digitales y dinámicas de trabajo. Área Recomendación Roles de equipo Rotar programación, construcción, registro, prueba y explicación', '. Los Objetivos de Aprendizaje promueven que se reco-nozca el rol y la importancia de hombres y mujeres en las sociedades que se estudian, considerando a ambos géneros en el devenir histórico. A su vez, contemplan el', '. Dimensión Componentes principales Función Física Robot COODI, tablero, tarjetas, sensores, actuadores, material manipulativo. Permitir interacción tangible, movimiento, percepción y experimentación. Computacional Firmware, programación por bloques, programación textual, comunicación, servicios complementarios. Ejecutar algoritmos, controlar el robot y apoyar experiencias digitales. Pedagógica Modelo NDCC, cuadernillos, narrativas, desafíos, funciones ejecutivas y evaluación. Dar sentido educativo a la interacción tecnológica. 2.1 Componentes del ecosistema • Robot educativo COODI. • Programación tangible mediante tarjetas o comandos físicos. • Entorno de programación visual basado en bloques. • Programación textual para niveles de mayor complejidad. • Tablero de actividades y navegación', '. Esta equivalencia permite trabajar el concepto de algoritmo independientemente de la interfaz de programación. 7. STEM e Inteligencia Artificial 7.1 Integración STEM Las actividades pueden integrar ciencia, tecnología, ingeniería y matemática a partir de problemas contextualizados. El robot actúa como plataforma para medir, desplazarse, responder a sensores, modelar situaciones o ejecutar decisiones programadas.', '. 6. Construcción o preparación. 7. Programación colaborativa. 8. Prueba con COODI. 9. Registro del resultado. 10. Reflexión y transferencia. 16. Narrativas y experiencias educativas La narrativa cumple una función pedagógica: contextualiza el problema y da sentido a los comandos, sensores o conceptos utilizados. No debe desplazar la interacción con el robot; el desafío debe conservar una relación clara con programación, construcción, medición o resolución de problemas. 16.1 Narrativa espacial Las experiencias de viaje a Marte permiten abordar trayectorias, orientación, construcción de modelos, sensores y desafíos de exploración. La narrativa puede conectar posteriormente con el retorno a la Tierra y problemáticas ambientales.', '. 20. Evaluación y analítica educativa La evaluación en COODI puede abordar tanto el producto de la actividad como el proceso. El interés no se limita a verificar si el robot llegó a la meta, sino también a analizar planificación, colaboración, explicación, depuración y transferencia del aprend izaje. Dimensión Indicadores posibles Algoritmo Secuencia correcta, uso de condiciones, eficiencia, depuración. Resolución de problemas Identificación del problema, estrategia y ajuste de la solución. Funciones ejecutivas Planificación, control de impulsividad, mantenimiento de reglas, flexibilidad. Colaboración Participación, comunicación, distribución de roles y toma de decisiones. STEM Comprensión de conceptos, medición, interpretación de datos y aplicación', '. Arquitectura computacional y comunicaciones 11. Entornos de programación 12. Programación tangible y tablero 13. Programación visual con bloques 14. Programación textual 15. Recursos didácticos y cuadernillos 16. Narrativas y experiencias educativas 17. Juego KODARA 18. NeuroCOODI 19. COODIBOT 20. Evaluación y analítica educativa 21. Sostenibilidad y tecnología verde 22. Inclusión, accesibilidad y enfoque de género 23. Privacidad, seguridad y ética 24. Guía de uso docente 25. Operación, mantenimiento y seguridad física 26. Casos de uso 27. Limitaciones y alcance', '. Profundizar en variables, funciones, estructuras y control del hardware. digitalWrite, lectura de sensores, funciones de movimiento. 12. Programación tangible y tablero La programación tangible permite que los estudiantes construyan físicamente una secuencia de instrucciones antes de enviarla o representarla en el robot. Esta modalidad reduce la barrera inicial de la sintaxis y favorece planificación, anticipación y discu sión colaborativa. 12.1 Tablero de navegación • Tablero de 6 × 6 posiciones para actividades de navegación y resolución de misiones. • Tarjetas de Inicio y Fin para delimitar la secuencia. • Tarjetas o comandos para avanzar y girar. • Elementos magnéticos o manipulativos según la actividad. • Validación mediante control infrarrojo en experiencias implementadas']","- Concepto Clave: (Enfoque de género en robótica educativa que promueve la participación equitativa de todos los géneros).
- Pasos: 1. Diseña actividades que incluyan roles diversos. 2. Fomenta la rotación de tareas en el equipo. 3. Utiliza ejemplos inclusivos en las explicaciones. 4. Evita estereotipos en la asignación de roles técnicos.
- OA Vinculado: (No se proporciona un código específico, pero se relaciona con la inclusión y equidad de género en el aprendizaje).
- Verificación: (Observa la participación activa y equitativa de todos los estudiantes en las actividades de robótica).","Las Orientaciones para la Incorporación de la Perspectiva de Género en Proyectos de Robótica Educativa del Mineduc, que buscan promover dinámicas de aula equitativas y mitigar sesgos de género en STEM.",1.0,0.6601041677441716,1.0,0.8333333332916666,C19,Articulacion Curricular
¿Qué documentos del Mineduc respaldan el uso de COODI en el aula?,"['COODI | Documentación integral para corpus RAG Página 22 Anexo A. Plantilla de metadatos por documento Campo Ejemplo id COODI -07 titulo Sensores y actuadores de COODI categoria hardware subcategoria sensores audiencia docente; estudiante; desarrollador nivel_educativo educacion_basica edad_recomendada 7-12 version 1.0 estado_documento vigente estado_funcional implemented / prototype / planned fecha_actualizacion 2026 -08-25 keywords sensor; ultrasonido; RFID; motores; servo source_type documentacion_oficial Anexo B', '. Alta COODI -PED Funciones ejecutivas, pensamiento computacional y evaluación. Alta COODI -ACT Cuadernillos, talleres, desafíos y narrativas. Media COODI -PRIV Privacidad, ética, seguridad y datos infantiles. Media COODI -FAQ Preguntas canónicas para estudiantes, docentes y familias. Media COODI -OPS Instalación, mantenimiento y solución de problemas.', 'COODI | Documentación integral para corpus RAG Página 5 Contexto Uso esperado Formación docente Demostración de metodologías activas, programación y robótica educativa. Investigación educativa Evaluación de interacción, aprendizaje, funciones ejecutivas y diseño de experiencias. Adaptación por edad. La edad recomendada no debe usarse como una restricción rígida. La selección de actividades depende del nivel de lectura, experiencia previa con programación, objetivos de aprendizaje y acompañamiento docente. 4. Modelo pedagógico NDCC NDCC es el modelo didáctico que organiza las experiencias de COODI. Su secuencia busca conectar una situación significativa con un desafío concreto, una construcción o manipulación, la programación colaborativa, la experimentación y la reflexión', 'COODI | Documentación integral para corpus RAG Página 3 28. Taxonomía documental para RAG 29. Estrategia de chunking y metadatos 30. Preguntas frecuentes 31. Glosario 32. Ficha maestra de especificaciones 33. Hoja de ruta documental 1. Identidad y propósito de COODI 1.1 ¿Qué es COODI? COODI es un ecosistema de robótica educativa orientado al desarrollo de experiencias de aprendizaje que integran robótica, programación, pensamiento computacional, funciones ejecutivas y contenidos STEM con aproximaciones introductorias a la Inteligencia A rtificial. El robot físico constituye un elemento central, pero COODI no se limita al dispositivo: incluye software, materiales didácticos, narrativas, desafíos, instrumentos de evaluación y entornos de programación. 1', '. coodi_pedagogy NDCC, funciones ejecutivas, pensamiento computacional, evaluación. coodi_hardware Arquitectura física, electrónica, sensores y actuadores. coodi_software Firmware, bloques, programación textual, comunicación y servicios. coodi_activities Cuadernillos, narrativas, talleres, misiones y KODARA. coodi_assessment NeuroCOODI, instrumentos, registros y analítica. coodi_governance Privacidad, ética, seguridad, accesibilidad, mantenimiento. coodi_faq Preguntas frecuentes y respuestas canónicas. 28.1 Audiencias sugeridas • estudiante • docente • facilitador • desarrollador • investigador • apoderado • administrador 29. Estrategia de chunking y metadatos 29.1 Chunking semántico No se recomienda fragmentar únicamente por número fijo de caracteres', 'COODI | Documentación integral para corpus RAG Página 17 • El funcionamiento offline aplica a las actividades fundamentales; algunos servicios complementarios pueden requerir red. • Las actividades deben adaptarse al contexto, edad, objetivos curriculares y recursos disponibles. • Los resultados de estudios con estudiantes no deben generalizarse más allá de sus muestras y condiciones de aplicación. 28. Taxonomía documental para RAG La base documental debe dividirse por dominios para mejorar precisión de recuperación y facilitar filtros. Cada fragmento debe conocer su documento de origen, sección, audiencia, estado y versión. Colección Contenido coodi_core Identidad, propósito, ecosistema y principios. coodi_pedagogy NDCC, funciones ejecutivas, pensamiento computacional, evaluación', 'COODI | Documentación integral para corpus RAG Página 14 20.1 Diseño pre/post Cuando se realicen estudios de intervención, pueden utilizarse instrumentos pre/post y registros de actividad. Los datos de niños deben manejarse mediante protocolos éticos, minimización de datos, consentimiento de responsables y asentimiento cuando corres ponda. 21. Sostenibilidad y tecnología verde COODI incorpora sostenibilidad tanto como tema educativo como criterio de uso responsable de la tecnología. Las narrativas pueden abordar cambio climático, variables ambientales y decisiones de consumo energético. • Utilizar sensores ambientales para observar condiciones del entorno. • Promover el apagado o suspensión de componentes inactivos cuando sea técnicamente posible', 'COODI | Documentación integral para corpus RAG Página 1 COODI Documentación integral del ecosistema educativo Base de conocimiento para Retrieval -Augmented Generation (RAG) Documento COODI -KB-BASE Versión 1.0 Fecha 25 de agosto de 2026 Tipo Documentación técnica, pedagógica y funcional Uso principal Corpus de conocimiento para RAG y documentación del ecosistema Estado Documento base consolidado COODI: COnecta · Observa · Descompone · Innova', 'COODI | Documentación integral para corpus RAG Página 6 5. Funciones ejecutivas Las actividades con COODI pueden diseñarse para estimular procesos asociados a las funciones ejecutivas. COODI no se presenta como instrumento clínico; su uso se sitúa en experiencias educativas y, cuando corresponde, en evaluación investigativa con instru mentos definidos. Función ejecutiva Manifestación en una actividad COODI Ejemplo de evidencia observable Planificación Definir pasos antes de ejecutar. El estudiante anticipa la ruta y ordena comandos. Memoria de trabajo Mantener y manipular información relevante. Recuerda posición, meta y reglas mientras ajusta la secuencia. Control inhibitorio Evitar una respuesta impulsiva y comprobar antes de ejecutar. Revisa el algoritmo en lugar de iniciar de inmediato', 'COODI | Documentación integral para corpus RAG Página 11 Consistencia pedagógica. Cuando una actividad exista en modalidades tangible, visual y textual, conviene mantener el mismo objetivo y la misma lógica algorítmica; lo que cambia es la representación. 15. Recursos didácticos y cuadernillos Los cuadernillos combinan narrativa, desafíos, experimentación y contenidos STEM+IA. Deben almacenarse como una colección documental diferente de las especificaciones técnicas del robot para que el RAG pueda distinguir entre conocimiento del producto y mat erial de actividad. Recurso Descripción Cuadernillo 1: “COODI viajando a Marte: Una aventura STEM fuera de la Tierra” Narrativa de exploración espacial con actividades STEM y desafíos con el robot']","Lo siento, pero no tengo información sobre documentos del Mineduc que respalden el uso de COODI en el aula.","Las Bases Curriculares (1° a 6° básico, con foco en Tecnología y sus intersecciones con Matemática y Ciencias Naturales), la Ruta Guía Computacional del Mineduc, y las Orientaciones de Ciudadanía Digital, STEM y Género.",0.0,0.0,0.0,0.16666666665,C20,Articulacion Curricular
